[
{
    "pk": 1, 
    "model": "contenttypes.contenttype", 
    "fields": {
        "name": "permission", 
        "app_label": "auth", 
        "model": "permission"
    }
},
{
    "pk": 2, 
    "model": "contenttypes.contenttype", 
    "fields": {
        "name": "group", 
        "app_label": "auth", 
        "model": "group"
    }
},
{
    "pk": 3, 
    "model": "contenttypes.contenttype", 
    "fields": {
        "name": "user", 
        "app_label": "auth", 
        "model": "user"
    }
},
{
    "pk": 4, 
    "model": "contenttypes.contenttype", 
    "fields": {
        "name": "content type", 
        "app_label": "contenttypes", 
        "model": "contenttype"
    }
},
{
    "pk": 5, 
    "model": "contenttypes.contenttype", 
    "fields": {
        "name": "session", 
        "app_label": "sessions", 
        "model": "session"
    }
},
{
    "pk": 6, 
    "model": "contenttypes.contenttype", 
    "fields": {
        "name": "site", 
        "app_label": "sites", 
        "model": "site"
    }
},
{
    "pk": 7, 
    "model": "contenttypes.contenttype", 
    "fields": {
        "name": "log entry", 
        "app_label": "admin", 
        "model": "logentry"
    }
},
{
    "pk": 8, 
    "model": "contenttypes.contenttype", 
    "fields": {
        "name": "git user", 
        "app_label": "gitrepos", 
        "model": "gituser"
    }
},
{
    "pk": 9, 
    "model": "contenttypes.contenttype", 
    "fields": {
        "name": "git repo", 
        "app_label": "gitrepos", 
        "model": "gitrepo"
    }
},
{
    "pk": 10, 
    "model": "contenttypes.contenttype", 
    "fields": {
        "name": "pull request", 
        "app_label": "gitrepos", 
        "model": "pullrequest"
    }
},
{
    "pk": 11, 
    "model": "contenttypes.contenttype", 
    "fields": {
        "name": "voter", 
        "app_label": "voting", 
        "model": "voter"
    }
},
{
    "pk": 12, 
    "model": "contenttypes.contenttype", 
    "fields": {
        "name": "section", 
        "app_label": "voting", 
        "model": "section"
    }
},
{
    "pk": 13, 
    "model": "contenttypes.contenttype", 
    "fields": {
        "name": "change", 
        "app_label": "voting", 
        "model": "change"
    }
},
{
    "pk": 14, 
    "model": "contenttypes.contenttype", 
    "fields": {
        "name": "vote", 
        "app_label": "voting", 
        "model": "vote"
    }
},
{
    "pk": 1, 
    "model": "sites.site", 
    "fields": {
        "name": "example.com", 
        "domain": "example.com"
    }
},
{
    "pk": 1, 
    "model": "gitrepos.gitrepo", 
    "fields": {
        "name": "democraticd", 
        "branch": "master", 
        "html_url": "https://github.com/democraticd/democraticd/tree/master", 
        "description": ""
    }
},
{
    "pk": "github/democraticd issue #1", 
    "model": "gitrepos.pullrequest", 
    "fields": {
        "base_sha": "", 
        "description": "I really like red, blue is rubbish.", 
        "git_user": null, 
        "title": "Change everything to RED", 
        "repo": 1, 
        "sha": "", 
        "state": 0, 
        "issue_id": 1, 
        "ref": "", 
        "html_url": "https://github.com/democraticd/democraticd/pull/1"
    }
},
{
    "pk": "github/democraticd issue #2", 
    "model": "gitrepos.pullrequest", 
    "fields": {
        "base_sha": "", 
        "description": "Unicorns are the bestest", 
        "git_user": null, 
        "title": "Add a unicorn to the front page", 
        "repo": 1, 
        "sha": "", 
        "state": 0, 
        "issue_id": 2, 
        "ref": "", 
        "html_url": "https://github.com/democraticd/democraticd/pull/2"
    }
},
{
    "pk": "github/democraticd issue #666", 
    "model": "gitrepos.pullrequest", 
    "fields": {
        "base_sha": "", 
        "description": "I LOVE TO WATCH THINGS BURN", 
        "git_user": null, 
        "title": "DESTROY SERVER", 
        "repo": 1, 
        "sha": "", 
        "state": 0, 
        "issue_id": 666, 
        "ref": "", 
        "html_url": "https://github.com/democraticd/democraticd/pull/666"
    }
},
{
    "pk": "github/democraticd issue #8", 
    "model": "gitrepos.pullrequest", 
    "fields": {
        "base_sha": "", 
        "description": "", 
        "git_user": null, 
        "title": "Wow what a lot of changes", 
        "repo": 1, 
        "sha": "", 
        "state": 0, 
        "issue_id": 8, 
        "ref": "", 
        "html_url": "https://github.com/democraticd/democraticd/pull/8"
    }
},
{
    "pk": 1, 
    "model": "voting.section", 
    "fields": {
        "content_type": 9, 
        "majority_for_change": 0.5, 
        "object_id": "1"
    }
},
{
    "pk": 1, 
    "model": "voting.change", 
    "fields": {
        "sections": [
            1
        ], 
        "content_type": 10, 
        "object_id": "github/democraticd issue #1"
    }
},
{
    "pk": 2, 
    "model": "voting.change", 
    "fields": {
        "sections": [
            1
        ], 
        "content_type": 10, 
        "object_id": "github/democraticd issue #2"
    }
},
{
    "pk": 3, 
    "model": "voting.change", 
    "fields": {
        "sections": [
            1
        ], 
        "content_type": 10, 
        "object_id": "github/democraticd issue #8"
    }
},
{
    "pk": 4, 
    "model": "voting.change", 
    "fields": {
        "sections": [
            1
        ], 
        "content_type": 10, 
        "object_id": "github/democraticd issue #666"
    }
},
{
    "pk": 1, 
    "model": "voting.vote", 
    "fields": {
        "change": 2, 
        "priority": 1, 
        "section": 1, 
        "voter": 1
    }
},
{
    "pk": 2, 
    "model": "voting.vote", 
    "fields": {
        "change": 1, 
        "priority": 2, 
        "section": 1, 
        "voter": 1
    }
},
{
    "pk": 3, 
    "model": "voting.vote", 
    "fields": {
        "change": 4, 
        "priority": 3, 
        "section": 1, 
        "voter": 1
    }
},
{
    "pk": 4, 
    "model": "voting.vote", 
    "fields": {
        "change": 2, 
        "priority": 1, 
        "section": 1, 
        "voter": 2
    }
},
{
    "pk": 5, 
    "model": "voting.vote", 
    "fields": {
        "change": 1, 
        "priority": 2, 
        "section": 1, 
        "voter": 2
    }
},
{
    "pk": 6, 
    "model": "voting.vote", 
    "fields": {
        "change": 4, 
        "priority": 3, 
        "section": 1, 
        "voter": 2
    }
},
{
    "pk": 7, 
    "model": "voting.vote", 
    "fields": {
        "change": 2, 
        "priority": 1, 
        "section": 1, 
        "voter": 3
    }
},
{
    "pk": 8, 
    "model": "voting.vote", 
    "fields": {
        "change": 1, 
        "priority": 2, 
        "section": 1, 
        "voter": 3
    }
},
{
    "pk": 9, 
    "model": "voting.vote", 
    "fields": {
        "change": 4, 
        "priority": 3, 
        "section": 1, 
        "voter": 3
    }
},
{
    "pk": 10, 
    "model": "voting.vote", 
    "fields": {
        "change": 2, 
        "priority": 1, 
        "section": 1, 
        "voter": 4
    }
},
{
    "pk": 11, 
    "model": "voting.vote", 
    "fields": {
        "change": 1, 
        "priority": 2, 
        "section": 1, 
        "voter": 4
    }
},
{
    "pk": 12, 
    "model": "voting.vote", 
    "fields": {
        "change": 4, 
        "priority": 3, 
        "section": 1, 
        "voter": 4
    }
},
{
    "pk": 13, 
    "model": "voting.vote", 
    "fields": {
        "change": 2, 
        "priority": 1, 
        "section": 1, 
        "voter": 5
    }
},
{
    "pk": 14, 
    "model": "voting.vote", 
    "fields": {
        "change": 1, 
        "priority": 2, 
        "section": 1, 
        "voter": 5
    }
},
{
    "pk": 15, 
    "model": "voting.vote", 
    "fields": {
        "change": 4, 
        "priority": 3, 
        "section": 1, 
        "voter": 5
    }
},
{
    "pk": 16, 
    "model": "voting.vote", 
    "fields": {
        "change": 2, 
        "priority": 1, 
        "section": 1, 
        "voter": 6
    }
},
{
    "pk": 17, 
    "model": "voting.vote", 
    "fields": {
        "change": 1, 
        "priority": 2, 
        "section": 1, 
        "voter": 6
    }
},
{
    "pk": 18, 
    "model": "voting.vote", 
    "fields": {
        "change": 4, 
        "priority": 3, 
        "section": 1, 
        "voter": 6
    }
},
{
    "pk": 19, 
    "model": "voting.vote", 
    "fields": {
        "change": 2, 
        "priority": 1, 
        "section": 1, 
        "voter": 7
    }
},
{
    "pk": 20, 
    "model": "voting.vote", 
    "fields": {
        "change": 1, 
        "priority": 2, 
        "section": 1, 
        "voter": 7
    }
},
{
    "pk": 21, 
    "model": "voting.vote", 
    "fields": {
        "change": 4, 
        "priority": 3, 
        "section": 1, 
        "voter": 7
    }
},
{
    "pk": 22, 
    "model": "voting.vote", 
    "fields": {
        "change": 2, 
        "priority": 1, 
        "section": 1, 
        "voter": 8
    }
},
{
    "pk": 23, 
    "model": "voting.vote", 
    "fields": {
        "change": 1, 
        "priority": 2, 
        "section": 1, 
        "voter": 8
    }
},
{
    "pk": 24, 
    "model": "voting.vote", 
    "fields": {
        "change": 4, 
        "priority": 3, 
        "section": 1, 
        "voter": 8
    }
},
{
    "pk": 25, 
    "model": "voting.vote", 
    "fields": {
        "change": 2, 
        "priority": 1, 
        "section": 1, 
        "voter": 9
    }
},
{
    "pk": 26, 
    "model": "voting.vote", 
    "fields": {
        "change": 1, 
        "priority": 2, 
        "section": 1, 
        "voter": 9
    }
},
{
    "pk": 27, 
    "model": "voting.vote", 
    "fields": {
        "change": 4, 
        "priority": 3, 
        "section": 1, 
        "voter": 9
    }
},
{
    "pk": 28, 
    "model": "voting.vote", 
    "fields": {
        "change": 2, 
        "priority": 1, 
        "section": 1, 
        "voter": 10
    }
},
{
    "pk": 29, 
    "model": "voting.vote", 
    "fields": {
        "change": 1, 
        "priority": 2, 
        "section": 1, 
        "voter": 10
    }
},
{
    "pk": 30, 
    "model": "voting.vote", 
    "fields": {
        "change": 4, 
        "priority": 3, 
        "section": 1, 
        "voter": 10
    }
},
{
    "pk": 31, 
    "model": "voting.vote", 
    "fields": {
        "change": 2, 
        "priority": 1, 
        "section": 1, 
        "voter": 11
    }
},
{
    "pk": 32, 
    "model": "voting.vote", 
    "fields": {
        "change": 1, 
        "priority": 2, 
        "section": 1, 
        "voter": 11
    }
},
{
    "pk": 33, 
    "model": "voting.vote", 
    "fields": {
        "change": 4, 
        "priority": 3, 
        "section": 1, 
        "voter": 11
    }
},
{
    "pk": 34, 
    "model": "voting.vote", 
    "fields": {
        "change": 2, 
        "priority": 1, 
        "section": 1, 
        "voter": 12
    }
},
{
    "pk": 35, 
    "model": "voting.vote", 
    "fields": {
        "change": 1, 
        "priority": 2, 
        "section": 1, 
        "voter": 12
    }
},
{
    "pk": 36, 
    "model": "voting.vote", 
    "fields": {
        "change": 4, 
        "priority": 3, 
        "section": 1, 
        "voter": 12
    }
},
{
    "pk": 37, 
    "model": "voting.vote", 
    "fields": {
        "change": 2, 
        "priority": 1, 
        "section": 1, 
        "voter": 13
    }
},
{
    "pk": 38, 
    "model": "voting.vote", 
    "fields": {
        "change": 1, 
        "priority": 2, 
        "section": 1, 
        "voter": 13
    }
},
{
    "pk": 39, 
    "model": "voting.vote", 
    "fields": {
        "change": 4, 
        "priority": 3, 
        "section": 1, 
        "voter": 13
    }
},
{
    "pk": 40, 
    "model": "voting.vote", 
    "fields": {
        "change": 2, 
        "priority": 1, 
        "section": 1, 
        "voter": 14
    }
},
{
    "pk": 41, 
    "model": "voting.vote", 
    "fields": {
        "change": 1, 
        "priority": 2, 
        "section": 1, 
        "voter": 14
    }
},
{
    "pk": 42, 
    "model": "voting.vote", 
    "fields": {
        "change": 4, 
        "priority": 3, 
        "section": 1, 
        "voter": 14
    }
},
{
    "pk": 43, 
    "model": "voting.vote", 
    "fields": {
        "change": 2, 
        "priority": 1, 
        "section": 1, 
        "voter": 15
    }
},
{
    "pk": 44, 
    "model": "voting.vote", 
    "fields": {
        "change": 1, 
        "priority": 2, 
        "section": 1, 
        "voter": 15
    }
},
{
    "pk": 45, 
    "model": "voting.vote", 
    "fields": {
        "change": 4, 
        "priority": 3, 
        "section": 1, 
        "voter": 15
    }
},
{
    "pk": 46, 
    "model": "voting.vote", 
    "fields": {
        "change": 2, 
        "priority": 1, 
        "section": 1, 
        "voter": 16
    }
},
{
    "pk": 47, 
    "model": "voting.vote", 
    "fields": {
        "change": 1, 
        "priority": 2, 
        "section": 1, 
        "voter": 16
    }
},
{
    "pk": 48, 
    "model": "voting.vote", 
    "fields": {
        "change": 4, 
        "priority": 3, 
        "section": 1, 
        "voter": 16
    }
},
{
    "pk": 49, 
    "model": "voting.vote", 
    "fields": {
        "change": 2, 
        "priority": 1, 
        "section": 1, 
        "voter": 17
    }
},
{
    "pk": 50, 
    "model": "voting.vote", 
    "fields": {
        "change": 1, 
        "priority": 2, 
        "section": 1, 
        "voter": 17
    }
},
{
    "pk": 51, 
    "model": "voting.vote", 
    "fields": {
        "change": 4, 
        "priority": 3, 
        "section": 1, 
        "voter": 17
    }
},
{
    "pk": 52, 
    "model": "voting.vote", 
    "fields": {
        "change": 2, 
        "priority": 1, 
        "section": 1, 
        "voter": 18
    }
},
{
    "pk": 53, 
    "model": "voting.vote", 
    "fields": {
        "change": 1, 
        "priority": 2, 
        "section": 1, 
        "voter": 18
    }
},
{
    "pk": 54, 
    "model": "voting.vote", 
    "fields": {
        "change": 4, 
        "priority": 3, 
        "section": 1, 
        "voter": 18
    }
},
{
    "pk": 55, 
    "model": "voting.vote", 
    "fields": {
        "change": 2, 
        "priority": 1, 
        "section": 1, 
        "voter": 19
    }
},
{
    "pk": 56, 
    "model": "voting.vote", 
    "fields": {
        "change": 1, 
        "priority": 2, 
        "section": 1, 
        "voter": 19
    }
},
{
    "pk": 57, 
    "model": "voting.vote", 
    "fields": {
        "change": 4, 
        "priority": 3, 
        "section": 1, 
        "voter": 19
    }
},
{
    "pk": 58, 
    "model": "voting.vote", 
    "fields": {
        "change": 2, 
        "priority": 1, 
        "section": 1, 
        "voter": 20
    }
},
{
    "pk": 59, 
    "model": "voting.vote", 
    "fields": {
        "change": 1, 
        "priority": 2, 
        "section": 1, 
        "voter": 20
    }
},
{
    "pk": 60, 
    "model": "voting.vote", 
    "fields": {
        "change": 4, 
        "priority": 3, 
        "section": 1, 
        "voter": 20
    }
},
{
    "pk": 61, 
    "model": "voting.vote", 
    "fields": {
        "change": 3, 
        "priority": 1, 
        "section": 1, 
        "voter": 21
    }
},
{
    "pk": 62, 
    "model": "voting.vote", 
    "fields": {
        "change": 3, 
        "priority": 1, 
        "section": 1, 
        "voter": 22
    }
},
{
    "pk": 63, 
    "model": "voting.vote", 
    "fields": {
        "change": 3, 
        "priority": 1, 
        "section": 1, 
        "voter": 23
    }
},
{
    "pk": 64, 
    "model": "voting.vote", 
    "fields": {
        "change": 3, 
        "priority": 1, 
        "section": 1, 
        "voter": 24
    }
},
{
    "pk": 65, 
    "model": "voting.vote", 
    "fields": {
        "change": 3, 
        "priority": 1, 
        "section": 1, 
        "voter": 25
    }
},
{
    "pk": 66, 
    "model": "voting.vote", 
    "fields": {
        "change": 3, 
        "priority": 1, 
        "section": 1, 
        "voter": 26
    }
},
{
    "pk": 67, 
    "model": "voting.vote", 
    "fields": {
        "change": 3, 
        "priority": 1, 
        "section": 1, 
        "voter": 27
    }
},
{
    "pk": 68, 
    "model": "voting.vote", 
    "fields": {
        "change": 3, 
        "priority": 1, 
        "section": 1, 
        "voter": 28
    }
},
{
    "pk": 69, 
    "model": "voting.vote", 
    "fields": {
        "change": 3, 
        "priority": 1, 
        "section": 1, 
        "voter": 29
    }
},
{
    "pk": 70, 
    "model": "voting.vote", 
    "fields": {
        "change": 3, 
        "priority": 1, 
        "section": 1, 
        "voter": 30
    }
},
{
    "pk": 71, 
    "model": "voting.vote", 
    "fields": {
        "change": 3, 
        "priority": 1, 
        "section": 1, 
        "voter": 31
    }
},
{
    "pk": 72, 
    "model": "voting.vote", 
    "fields": {
        "change": 3, 
        "priority": 1, 
        "section": 1, 
        "voter": 32
    }
},
{
    "pk": 73, 
    "model": "voting.vote", 
    "fields": {
        "change": 2, 
        "priority": 1, 
        "section": 1, 
        "voter": 33
    }
},
{
    "pk": 74, 
    "model": "voting.vote", 
    "fields": {
        "change": 1, 
        "priority": 2, 
        "section": 1, 
        "voter": 33
    }
},
{
    "pk": 75, 
    "model": "voting.vote", 
    "fields": {
        "change": 4, 
        "priority": 3, 
        "section": 1, 
        "voter": 33
    }
},
{
    "pk": 76, 
    "model": "voting.vote", 
    "fields": {
        "change": 2, 
        "priority": 1, 
        "section": 1, 
        "voter": 34
    }
},
{
    "pk": 77, 
    "model": "voting.vote", 
    "fields": {
        "change": 1, 
        "priority": 2, 
        "section": 1, 
        "voter": 34
    }
},
{
    "pk": 78, 
    "model": "voting.vote", 
    "fields": {
        "change": 4, 
        "priority": 3, 
        "section": 1, 
        "voter": 34
    }
},
{
    "pk": 79, 
    "model": "voting.vote", 
    "fields": {
        "change": 2, 
        "priority": 1, 
        "section": 1, 
        "voter": 35
    }
},
{
    "pk": 80, 
    "model": "voting.vote", 
    "fields": {
        "change": 1, 
        "priority": 2, 
        "section": 1, 
        "voter": 35
    }
},
{
    "pk": 81, 
    "model": "voting.vote", 
    "fields": {
        "change": 4, 
        "priority": 3, 
        "section": 1, 
        "voter": 35
    }
},
{
    "pk": 82, 
    "model": "voting.vote", 
    "fields": {
        "change": 2, 
        "priority": 1, 
        "section": 1, 
        "voter": 36
    }
},
{
    "pk": 83, 
    "model": "voting.vote", 
    "fields": {
        "change": 1, 
        "priority": 2, 
        "section": 1, 
        "voter": 36
    }
},
{
    "pk": 84, 
    "model": "voting.vote", 
    "fields": {
        "change": 4, 
        "priority": 3, 
        "section": 1, 
        "voter": 36
    }
},
{
    "pk": 85, 
    "model": "voting.vote", 
    "fields": {
        "change": 2, 
        "priority": 1, 
        "section": 1, 
        "voter": 37
    }
},
{
    "pk": 86, 
    "model": "voting.vote", 
    "fields": {
        "change": 1, 
        "priority": 2, 
        "section": 1, 
        "voter": 37
    }
},
{
    "pk": 87, 
    "model": "voting.vote", 
    "fields": {
        "change": 4, 
        "priority": 3, 
        "section": 1, 
        "voter": 37
    }
},
{
    "pk": 88, 
    "model": "voting.vote", 
    "fields": {
        "change": 2, 
        "priority": 1, 
        "section": 1, 
        "voter": 38
    }
},
{
    "pk": 89, 
    "model": "voting.vote", 
    "fields": {
        "change": 1, 
        "priority": 2, 
        "section": 1, 
        "voter": 38
    }
},
{
    "pk": 90, 
    "model": "voting.vote", 
    "fields": {
        "change": 4, 
        "priority": 3, 
        "section": 1, 
        "voter": 38
    }
},
{
    "pk": 91, 
    "model": "voting.vote", 
    "fields": {
        "change": 2, 
        "priority": 1, 
        "section": 1, 
        "voter": 39
    }
},
{
    "pk": 92, 
    "model": "voting.vote", 
    "fields": {
        "change": 1, 
        "priority": 2, 
        "section": 1, 
        "voter": 39
    }
},
{
    "pk": 93, 
    "model": "voting.vote", 
    "fields": {
        "change": 4, 
        "priority": 3, 
        "section": 1, 
        "voter": 39
    }
},
{
    "pk": 94, 
    "model": "voting.vote", 
    "fields": {
        "change": 2, 
        "priority": 1, 
        "section": 1, 
        "voter": 40
    }
},
{
    "pk": 95, 
    "model": "voting.vote", 
    "fields": {
        "change": 1, 
        "priority": 2, 
        "section": 1, 
        "voter": 40
    }
},
{
    "pk": 96, 
    "model": "voting.vote", 
    "fields": {
        "change": 4, 
        "priority": 3, 
        "section": 1, 
        "voter": 40
    }
},
{
    "pk": 97, 
    "model": "voting.vote", 
    "fields": {
        "change": 2, 
        "priority": 1, 
        "section": 1, 
        "voter": 41
    }
},
{
    "pk": 98, 
    "model": "voting.vote", 
    "fields": {
        "change": 1, 
        "priority": 2, 
        "section": 1, 
        "voter": 41
    }
},
{
    "pk": 99, 
    "model": "voting.vote", 
    "fields": {
        "change": 4, 
        "priority": 3, 
        "section": 1, 
        "voter": 41
    }
},
{
    "pk": 100, 
    "model": "voting.vote", 
    "fields": {
        "change": 2, 
        "priority": 1, 
        "section": 1, 
        "voter": 42
    }
},
{
    "pk": 101, 
    "model": "voting.vote", 
    "fields": {
        "change": 1, 
        "priority": 2, 
        "section": 1, 
        "voter": 42
    }
},
{
    "pk": 102, 
    "model": "voting.vote", 
    "fields": {
        "change": 4, 
        "priority": 3, 
        "section": 1, 
        "voter": 42
    }
},
{
    "pk": 103, 
    "model": "voting.vote", 
    "fields": {
        "change": 2, 
        "priority": 1, 
        "section": 1, 
        "voter": 43
    }
},
{
    "pk": 104, 
    "model": "voting.vote", 
    "fields": {
        "change": 1, 
        "priority": 2, 
        "section": 1, 
        "voter": 43
    }
},
{
    "pk": 105, 
    "model": "voting.vote", 
    "fields": {
        "change": 4, 
        "priority": 3, 
        "section": 1, 
        "voter": 43
    }
},
{
    "pk": 106, 
    "model": "voting.vote", 
    "fields": {
        "change": 2, 
        "priority": 1, 
        "section": 1, 
        "voter": 44
    }
},
{
    "pk": 107, 
    "model": "voting.vote", 
    "fields": {
        "change": 1, 
        "priority": 2, 
        "section": 1, 
        "voter": 44
    }
},
{
    "pk": 108, 
    "model": "voting.vote", 
    "fields": {
        "change": 4, 
        "priority": 3, 
        "section": 1, 
        "voter": 44
    }
},
{
    "pk": 109, 
    "model": "voting.vote", 
    "fields": {
        "change": 2, 
        "priority": 1, 
        "section": 1, 
        "voter": 45
    }
},
{
    "pk": 110, 
    "model": "voting.vote", 
    "fields": {
        "change": 1, 
        "priority": 2, 
        "section": 1, 
        "voter": 45
    }
},
{
    "pk": 111, 
    "model": "voting.vote", 
    "fields": {
        "change": 4, 
        "priority": 3, 
        "section": 1, 
        "voter": 45
    }
},
{
    "pk": 112, 
    "model": "voting.vote", 
    "fields": {
        "change": 2, 
        "priority": 1, 
        "section": 1, 
        "voter": 46
    }
},
{
    "pk": 113, 
    "model": "voting.vote", 
    "fields": {
        "change": 1, 
        "priority": 2, 
        "section": 1, 
        "voter": 46
    }
},
{
    "pk": 114, 
    "model": "voting.vote", 
    "fields": {
        "change": 4, 
        "priority": 3, 
        "section": 1, 
        "voter": 46
    }
},
{
    "pk": 115, 
    "model": "voting.vote", 
    "fields": {
        "change": 2, 
        "priority": 1, 
        "section": 1, 
        "voter": 47
    }
},
{
    "pk": 116, 
    "model": "voting.vote", 
    "fields": {
        "change": 1, 
        "priority": 2, 
        "section": 1, 
        "voter": 47
    }
},
{
    "pk": 117, 
    "model": "voting.vote", 
    "fields": {
        "change": 4, 
        "priority": 3, 
        "section": 1, 
        "voter": 47
    }
},
{
    "pk": 118, 
    "model": "voting.vote", 
    "fields": {
        "change": 3, 
        "priority": 1, 
        "section": 1, 
        "voter": 48
    }
},
{
    "pk": 119, 
    "model": "voting.vote", 
    "fields": {
        "change": 2, 
        "priority": 2, 
        "section": 1, 
        "voter": 48
    }
},
{
    "pk": 120, 
    "model": "voting.vote", 
    "fields": {
        "change": 4, 
        "priority": 3, 
        "section": 1, 
        "voter": 48
    }
},
{
    "pk": 121, 
    "model": "voting.vote", 
    "fields": {
        "change": 3, 
        "priority": 1, 
        "section": 1, 
        "voter": 49
    }
},
{
    "pk": 122, 
    "model": "voting.vote", 
    "fields": {
        "change": 2, 
        "priority": 2, 
        "section": 1, 
        "voter": 49
    }
},
{
    "pk": 123, 
    "model": "voting.vote", 
    "fields": {
        "change": 4, 
        "priority": 3, 
        "section": 1, 
        "voter": 49
    }
},
{
    "pk": 124, 
    "model": "voting.vote", 
    "fields": {
        "change": 3, 
        "priority": 1, 
        "section": 1, 
        "voter": 50
    }
},
{
    "pk": 125, 
    "model": "voting.vote", 
    "fields": {
        "change": 2, 
        "priority": 2, 
        "section": 1, 
        "voter": 50
    }
},
{
    "pk": 126, 
    "model": "voting.vote", 
    "fields": {
        "change": 4, 
        "priority": 3, 
        "section": 1, 
        "voter": 50
    }
},
{
    "pk": 127, 
    "model": "voting.vote", 
    "fields": {
        "change": 3, 
        "priority": 1, 
        "section": 1, 
        "voter": 51
    }
},
{
    "pk": 128, 
    "model": "voting.vote", 
    "fields": {
        "change": 2, 
        "priority": 2, 
        "section": 1, 
        "voter": 51
    }
},
{
    "pk": 129, 
    "model": "voting.vote", 
    "fields": {
        "change": 4, 
        "priority": 3, 
        "section": 1, 
        "voter": 51
    }
},
{
    "pk": 130, 
    "model": "voting.vote", 
    "fields": {
        "change": 3, 
        "priority": 1, 
        "section": 1, 
        "voter": 52
    }
},
{
    "pk": 131, 
    "model": "voting.vote", 
    "fields": {
        "change": 2, 
        "priority": 2, 
        "section": 1, 
        "voter": 52
    }
},
{
    "pk": 132, 
    "model": "voting.vote", 
    "fields": {
        "change": 4, 
        "priority": 3, 
        "section": 1, 
        "voter": 52
    }
},
{
    "pk": 133, 
    "model": "voting.vote", 
    "fields": {
        "change": 3, 
        "priority": 1, 
        "section": 1, 
        "voter": 53
    }
},
{
    "pk": 134, 
    "model": "voting.vote", 
    "fields": {
        "change": 2, 
        "priority": 2, 
        "section": 1, 
        "voter": 53
    }
},
{
    "pk": 135, 
    "model": "voting.vote", 
    "fields": {
        "change": 4, 
        "priority": 3, 
        "section": 1, 
        "voter": 53
    }
},
{
    "pk": 136, 
    "model": "voting.vote", 
    "fields": {
        "change": 3, 
        "priority": 1, 
        "section": 1, 
        "voter": 54
    }
},
{
    "pk": 137, 
    "model": "voting.vote", 
    "fields": {
        "change": 2, 
        "priority": 2, 
        "section": 1, 
        "voter": 54
    }
},
{
    "pk": 138, 
    "model": "voting.vote", 
    "fields": {
        "change": 4, 
        "priority": 3, 
        "section": 1, 
        "voter": 54
    }
},
{
    "pk": 139, 
    "model": "voting.vote", 
    "fields": {
        "change": 2, 
        "priority": 1, 
        "section": 1, 
        "voter": 55
    }
},
{
    "pk": 140, 
    "model": "voting.vote", 
    "fields": {
        "change": 3, 
        "priority": 2, 
        "section": 1, 
        "voter": 55
    }
},
{
    "pk": 141, 
    "model": "voting.vote", 
    "fields": {
        "change": 1, 
        "priority": 3, 
        "section": 1, 
        "voter": 55
    }
},
{
    "pk": 142, 
    "model": "voting.vote", 
    "fields": {
        "change": 4, 
        "priority": 4, 
        "section": 1, 
        "voter": 55
    }
},
{
    "pk": 143, 
    "model": "voting.vote", 
    "fields": {
        "change": 2, 
        "priority": 1, 
        "section": 1, 
        "voter": 56
    }
},
{
    "pk": 144, 
    "model": "voting.vote", 
    "fields": {
        "change": 3, 
        "priority": 2, 
        "section": 1, 
        "voter": 56
    }
},
{
    "pk": 145, 
    "model": "voting.vote", 
    "fields": {
        "change": 1, 
        "priority": 3, 
        "section": 1, 
        "voter": 56
    }
},
{
    "pk": 146, 
    "model": "voting.vote", 
    "fields": {
        "change": 4, 
        "priority": 4, 
        "section": 1, 
        "voter": 56
    }
},
{
    "pk": 147, 
    "model": "voting.vote", 
    "fields": {
        "change": 2, 
        "priority": 1, 
        "section": 1, 
        "voter": 57
    }
},
{
    "pk": 148, 
    "model": "voting.vote", 
    "fields": {
        "change": 3, 
        "priority": 2, 
        "section": 1, 
        "voter": 57
    }
},
{
    "pk": 149, 
    "model": "voting.vote", 
    "fields": {
        "change": 1, 
        "priority": 3, 
        "section": 1, 
        "voter": 57
    }
},
{
    "pk": 150, 
    "model": "voting.vote", 
    "fields": {
        "change": 4, 
        "priority": 4, 
        "section": 1, 
        "voter": 57
    }
},
{
    "pk": 151, 
    "model": "voting.vote", 
    "fields": {
        "change": 2, 
        "priority": 1, 
        "section": 1, 
        "voter": 58
    }
},
{
    "pk": 152, 
    "model": "voting.vote", 
    "fields": {
        "change": 3, 
        "priority": 2, 
        "section": 1, 
        "voter": 58
    }
},
{
    "pk": 153, 
    "model": "voting.vote", 
    "fields": {
        "change": 1, 
        "priority": 3, 
        "section": 1, 
        "voter": 58
    }
},
{
    "pk": 154, 
    "model": "voting.vote", 
    "fields": {
        "change": 4, 
        "priority": 4, 
        "section": 1, 
        "voter": 58
    }
},
{
    "pk": 155, 
    "model": "voting.vote", 
    "fields": {
        "change": 2, 
        "priority": 1, 
        "section": 1, 
        "voter": 59
    }
},
{
    "pk": 156, 
    "model": "voting.vote", 
    "fields": {
        "change": 3, 
        "priority": 2, 
        "section": 1, 
        "voter": 59
    }
},
{
    "pk": 157, 
    "model": "voting.vote", 
    "fields": {
        "change": 1, 
        "priority": 3, 
        "section": 1, 
        "voter": 59
    }
},
{
    "pk": 158, 
    "model": "voting.vote", 
    "fields": {
        "change": 4, 
        "priority": 4, 
        "section": 1, 
        "voter": 59
    }
},
{
    "pk": 159, 
    "model": "voting.vote", 
    "fields": {
        "change": 2, 
        "priority": 1, 
        "section": 1, 
        "voter": 60
    }
},
{
    "pk": 160, 
    "model": "voting.vote", 
    "fields": {
        "change": 3, 
        "priority": 2, 
        "section": 1, 
        "voter": 60
    }
},
{
    "pk": 161, 
    "model": "voting.vote", 
    "fields": {
        "change": 1, 
        "priority": 3, 
        "section": 1, 
        "voter": 60
    }
},
{
    "pk": 162, 
    "model": "voting.vote", 
    "fields": {
        "change": 4, 
        "priority": 4, 
        "section": 1, 
        "voter": 60
    }
},
{
    "pk": 163, 
    "model": "voting.vote", 
    "fields": {
        "change": 2, 
        "priority": 1, 
        "section": 1, 
        "voter": 61
    }
},
{
    "pk": 164, 
    "model": "voting.vote", 
    "fields": {
        "change": 3, 
        "priority": 2, 
        "section": 1, 
        "voter": 61
    }
},
{
    "pk": 165, 
    "model": "voting.vote", 
    "fields": {
        "change": 1, 
        "priority": 3, 
        "section": 1, 
        "voter": 61
    }
},
{
    "pk": 166, 
    "model": "voting.vote", 
    "fields": {
        "change": 4, 
        "priority": 4, 
        "section": 1, 
        "voter": 61
    }
},
{
    "pk": 167, 
    "model": "voting.vote", 
    "fields": {
        "change": 2, 
        "priority": 1, 
        "section": 1, 
        "voter": 62
    }
},
{
    "pk": 168, 
    "model": "voting.vote", 
    "fields": {
        "change": 3, 
        "priority": 2, 
        "section": 1, 
        "voter": 62
    }
},
{
    "pk": 169, 
    "model": "voting.vote", 
    "fields": {
        "change": 1, 
        "priority": 3, 
        "section": 1, 
        "voter": 62
    }
},
{
    "pk": 170, 
    "model": "voting.vote", 
    "fields": {
        "change": 4, 
        "priority": 4, 
        "section": 1, 
        "voter": 62
    }
},
{
    "pk": 171, 
    "model": "voting.vote", 
    "fields": {
        "change": 2, 
        "priority": 1, 
        "section": 1, 
        "voter": 63
    }
},
{
    "pk": 172, 
    "model": "voting.vote", 
    "fields": {
        "change": 3, 
        "priority": 2, 
        "section": 1, 
        "voter": 63
    }
},
{
    "pk": 173, 
    "model": "voting.vote", 
    "fields": {
        "change": 1, 
        "priority": 3, 
        "section": 1, 
        "voter": 63
    }
},
{
    "pk": 174, 
    "model": "voting.vote", 
    "fields": {
        "change": 4, 
        "priority": 4, 
        "section": 1, 
        "voter": 63
    }
},
{
    "pk": 175, 
    "model": "voting.vote", 
    "fields": {
        "change": 2, 
        "priority": 1, 
        "section": 1, 
        "voter": 64
    }
},
{
    "pk": 176, 
    "model": "voting.vote", 
    "fields": {
        "change": 3, 
        "priority": 2, 
        "section": 1, 
        "voter": 64
    }
},
{
    "pk": 177, 
    "model": "voting.vote", 
    "fields": {
        "change": 1, 
        "priority": 3, 
        "section": 1, 
        "voter": 64
    }
},
{
    "pk": 178, 
    "model": "voting.vote", 
    "fields": {
        "change": 4, 
        "priority": 4, 
        "section": 1, 
        "voter": 64
    }
},
{
    "pk": 179, 
    "model": "voting.vote", 
    "fields": {
        "change": 2, 
        "priority": 1, 
        "section": 1, 
        "voter": 65
    }
},
{
    "pk": 180, 
    "model": "voting.vote", 
    "fields": {
        "change": 3, 
        "priority": 2, 
        "section": 1, 
        "voter": 65
    }
},
{
    "pk": 181, 
    "model": "voting.vote", 
    "fields": {
        "change": 1, 
        "priority": 3, 
        "section": 1, 
        "voter": 65
    }
},
{
    "pk": 182, 
    "model": "voting.vote", 
    "fields": {
        "change": 4, 
        "priority": 4, 
        "section": 1, 
        "voter": 65
    }
},
{
    "pk": 183, 
    "model": "voting.vote", 
    "fields": {
        "change": 2, 
        "priority": 1, 
        "section": 1, 
        "voter": 66
    }
},
{
    "pk": 184, 
    "model": "voting.vote", 
    "fields": {
        "change": 3, 
        "priority": 2, 
        "section": 1, 
        "voter": 66
    }
},
{
    "pk": 185, 
    "model": "voting.vote", 
    "fields": {
        "change": 1, 
        "priority": 3, 
        "section": 1, 
        "voter": 66
    }
},
{
    "pk": 186, 
    "model": "voting.vote", 
    "fields": {
        "change": 4, 
        "priority": 4, 
        "section": 1, 
        "voter": 66
    }
},
{
    "pk": 187, 
    "model": "voting.vote", 
    "fields": {
        "change": 2, 
        "priority": 1, 
        "section": 1, 
        "voter": 67
    }
},
{
    "pk": 188, 
    "model": "voting.vote", 
    "fields": {
        "change": 3, 
        "priority": 2, 
        "section": 1, 
        "voter": 67
    }
},
{
    "pk": 189, 
    "model": "voting.vote", 
    "fields": {
        "change": 1, 
        "priority": 3, 
        "section": 1, 
        "voter": 67
    }
},
{
    "pk": 190, 
    "model": "voting.vote", 
    "fields": {
        "change": 4, 
        "priority": 4, 
        "section": 1, 
        "voter": 67
    }
},
{
    "pk": 191, 
    "model": "voting.vote", 
    "fields": {
        "change": 2, 
        "priority": 1, 
        "section": 1, 
        "voter": 68
    }
},
{
    "pk": 192, 
    "model": "voting.vote", 
    "fields": {
        "change": 3, 
        "priority": 2, 
        "section": 1, 
        "voter": 68
    }
},
{
    "pk": 193, 
    "model": "voting.vote", 
    "fields": {
        "change": 1, 
        "priority": 3, 
        "section": 1, 
        "voter": 68
    }
},
{
    "pk": 194, 
    "model": "voting.vote", 
    "fields": {
        "change": 4, 
        "priority": 4, 
        "section": 1, 
        "voter": 68
    }
},
{
    "pk": 195, 
    "model": "voting.vote", 
    "fields": {
        "change": 2, 
        "priority": 1, 
        "section": 1, 
        "voter": 69
    }
},
{
    "pk": 196, 
    "model": "voting.vote", 
    "fields": {
        "change": 3, 
        "priority": 2, 
        "section": 1, 
        "voter": 69
    }
},
{
    "pk": 197, 
    "model": "voting.vote", 
    "fields": {
        "change": 1, 
        "priority": 3, 
        "section": 1, 
        "voter": 69
    }
},
{
    "pk": 198, 
    "model": "voting.vote", 
    "fields": {
        "change": 4, 
        "priority": 4, 
        "section": 1, 
        "voter": 69
    }
},
{
    "pk": 199, 
    "model": "voting.vote", 
    "fields": {
        "change": 2, 
        "priority": 1, 
        "section": 1, 
        "voter": 70
    }
},
{
    "pk": 200, 
    "model": "voting.vote", 
    "fields": {
        "change": 3, 
        "priority": 2, 
        "section": 1, 
        "voter": 70
    }
},
{
    "pk": 201, 
    "model": "voting.vote", 
    "fields": {
        "change": 1, 
        "priority": 3, 
        "section": 1, 
        "voter": 70
    }
},
{
    "pk": 202, 
    "model": "voting.vote", 
    "fields": {
        "change": 4, 
        "priority": 4, 
        "section": 1, 
        "voter": 70
    }
},
{
    "pk": 203, 
    "model": "voting.vote", 
    "fields": {
        "change": 2, 
        "priority": 1, 
        "section": 1, 
        "voter": 71
    }
},
{
    "pk": 204, 
    "model": "voting.vote", 
    "fields": {
        "change": 3, 
        "priority": 2, 
        "section": 1, 
        "voter": 71
    }
},
{
    "pk": 205, 
    "model": "voting.vote", 
    "fields": {
        "change": 1, 
        "priority": 3, 
        "section": 1, 
        "voter": 71
    }
},
{
    "pk": 206, 
    "model": "voting.vote", 
    "fields": {
        "change": 4, 
        "priority": 4, 
        "section": 1, 
        "voter": 71
    }
},
{
    "pk": 207, 
    "model": "voting.vote", 
    "fields": {
        "change": 2, 
        "priority": 1, 
        "section": 1, 
        "voter": 72
    }
},
{
    "pk": 208, 
    "model": "voting.vote", 
    "fields": {
        "change": 3, 
        "priority": 2, 
        "section": 1, 
        "voter": 72
    }
},
{
    "pk": 209, 
    "model": "voting.vote", 
    "fields": {
        "change": 1, 
        "priority": 3, 
        "section": 1, 
        "voter": 72
    }
},
{
    "pk": 210, 
    "model": "voting.vote", 
    "fields": {
        "change": 4, 
        "priority": 4, 
        "section": 1, 
        "voter": 72
    }
},
{
    "pk": 211, 
    "model": "voting.vote", 
    "fields": {
        "change": 2, 
        "priority": 1, 
        "section": 1, 
        "voter": 73
    }
},
{
    "pk": 212, 
    "model": "voting.vote", 
    "fields": {
        "change": 3, 
        "priority": 2, 
        "section": 1, 
        "voter": 73
    }
},
{
    "pk": 213, 
    "model": "voting.vote", 
    "fields": {
        "change": 1, 
        "priority": 3, 
        "section": 1, 
        "voter": 73
    }
},
{
    "pk": 214, 
    "model": "voting.vote", 
    "fields": {
        "change": 4, 
        "priority": 4, 
        "section": 1, 
        "voter": 73
    }
},
{
    "pk": 215, 
    "model": "voting.vote", 
    "fields": {
        "change": 2, 
        "priority": 1, 
        "section": 1, 
        "voter": 74
    }
},
{
    "pk": 216, 
    "model": "voting.vote", 
    "fields": {
        "change": 3, 
        "priority": 2, 
        "section": 1, 
        "voter": 74
    }
},
{
    "pk": 217, 
    "model": "voting.vote", 
    "fields": {
        "change": 1, 
        "priority": 3, 
        "section": 1, 
        "voter": 74
    }
},
{
    "pk": 218, 
    "model": "voting.vote", 
    "fields": {
        "change": 4, 
        "priority": 4, 
        "section": 1, 
        "voter": 74
    }
},
{
    "pk": 219, 
    "model": "voting.vote", 
    "fields": {
        "change": 2, 
        "priority": 1, 
        "section": 1, 
        "voter": 75
    }
},
{
    "pk": 220, 
    "model": "voting.vote", 
    "fields": {
        "change": 3, 
        "priority": 2, 
        "section": 1, 
        "voter": 75
    }
},
{
    "pk": 221, 
    "model": "voting.vote", 
    "fields": {
        "change": 1, 
        "priority": 3, 
        "section": 1, 
        "voter": 75
    }
},
{
    "pk": 222, 
    "model": "voting.vote", 
    "fields": {
        "change": 4, 
        "priority": 4, 
        "section": 1, 
        "voter": 75
    }
},
{
    "pk": 223, 
    "model": "voting.vote", 
    "fields": {
        "change": 2, 
        "priority": 1, 
        "section": 1, 
        "voter": 76
    }
},
{
    "pk": 224, 
    "model": "voting.vote", 
    "fields": {
        "change": 3, 
        "priority": 2, 
        "section": 1, 
        "voter": 76
    }
},
{
    "pk": 225, 
    "model": "voting.vote", 
    "fields": {
        "change": 1, 
        "priority": 3, 
        "section": 1, 
        "voter": 76
    }
},
{
    "pk": 226, 
    "model": "voting.vote", 
    "fields": {
        "change": 4, 
        "priority": 4, 
        "section": 1, 
        "voter": 76
    }
},
{
    "pk": 227, 
    "model": "voting.vote", 
    "fields": {
        "change": 2, 
        "priority": 1, 
        "section": 1, 
        "voter": 77
    }
},
{
    "pk": 228, 
    "model": "voting.vote", 
    "fields": {
        "change": 3, 
        "priority": 2, 
        "section": 1, 
        "voter": 77
    }
},
{
    "pk": 229, 
    "model": "voting.vote", 
    "fields": {
        "change": 1, 
        "priority": 3, 
        "section": 1, 
        "voter": 77
    }
},
{
    "pk": 230, 
    "model": "voting.vote", 
    "fields": {
        "change": 4, 
        "priority": 4, 
        "section": 1, 
        "voter": 77
    }
},
{
    "pk": 231, 
    "model": "voting.vote", 
    "fields": {
        "change": 2, 
        "priority": 1, 
        "section": 1, 
        "voter": 78
    }
},
{
    "pk": 232, 
    "model": "voting.vote", 
    "fields": {
        "change": 3, 
        "priority": 2, 
        "section": 1, 
        "voter": 78
    }
},
{
    "pk": 233, 
    "model": "voting.vote", 
    "fields": {
        "change": 1, 
        "priority": 3, 
        "section": 1, 
        "voter": 78
    }
},
{
    "pk": 234, 
    "model": "voting.vote", 
    "fields": {
        "change": 4, 
        "priority": 4, 
        "section": 1, 
        "voter": 78
    }
},
{
    "pk": 235, 
    "model": "voting.vote", 
    "fields": {
        "change": 2, 
        "priority": 1, 
        "section": 1, 
        "voter": 79
    }
},
{
    "pk": 236, 
    "model": "voting.vote", 
    "fields": {
        "change": 3, 
        "priority": 2, 
        "section": 1, 
        "voter": 79
    }
},
{
    "pk": 237, 
    "model": "voting.vote", 
    "fields": {
        "change": 1, 
        "priority": 3, 
        "section": 1, 
        "voter": 79
    }
},
{
    "pk": 238, 
    "model": "voting.vote", 
    "fields": {
        "change": 4, 
        "priority": 4, 
        "section": 1, 
        "voter": 79
    }
},
{
    "pk": 1, 
    "model": "auth.permission", 
    "fields": {
        "name": "Can add permission", 
        "content_type": 1, 
        "codename": "add_permission"
    }
},
{
    "pk": 2, 
    "model": "auth.permission", 
    "fields": {
        "name": "Can change permission", 
        "content_type": 1, 
        "codename": "change_permission"
    }
},
{
    "pk": 3, 
    "model": "auth.permission", 
    "fields": {
        "name": "Can delete permission", 
        "content_type": 1, 
        "codename": "delete_permission"
    }
},
{
    "pk": 4, 
    "model": "auth.permission", 
    "fields": {
        "name": "Can add group", 
        "content_type": 2, 
        "codename": "add_group"
    }
},
{
    "pk": 5, 
    "model": "auth.permission", 
    "fields": {
        "name": "Can change group", 
        "content_type": 2, 
        "codename": "change_group"
    }
},
{
    "pk": 6, 
    "model": "auth.permission", 
    "fields": {
        "name": "Can delete group", 
        "content_type": 2, 
        "codename": "delete_group"
    }
},
{
    "pk": 7, 
    "model": "auth.permission", 
    "fields": {
        "name": "Can add user", 
        "content_type": 3, 
        "codename": "add_user"
    }
},
{
    "pk": 8, 
    "model": "auth.permission", 
    "fields": {
        "name": "Can change user", 
        "content_type": 3, 
        "codename": "change_user"
    }
},
{
    "pk": 9, 
    "model": "auth.permission", 
    "fields": {
        "name": "Can delete user", 
        "content_type": 3, 
        "codename": "delete_user"
    }
},
{
    "pk": 10, 
    "model": "auth.permission", 
    "fields": {
        "name": "Can add content type", 
        "content_type": 4, 
        "codename": "add_contenttype"
    }
},
{
    "pk": 11, 
    "model": "auth.permission", 
    "fields": {
        "name": "Can change content type", 
        "content_type": 4, 
        "codename": "change_contenttype"
    }
},
{
    "pk": 12, 
    "model": "auth.permission", 
    "fields": {
        "name": "Can delete content type", 
        "content_type": 4, 
        "codename": "delete_contenttype"
    }
},
{
    "pk": 13, 
    "model": "auth.permission", 
    "fields": {
        "name": "Can add session", 
        "content_type": 5, 
        "codename": "add_session"
    }
},
{
    "pk": 14, 
    "model": "auth.permission", 
    "fields": {
        "name": "Can change session", 
        "content_type": 5, 
        "codename": "change_session"
    }
},
{
    "pk": 15, 
    "model": "auth.permission", 
    "fields": {
        "name": "Can delete session", 
        "content_type": 5, 
        "codename": "delete_session"
    }
},
{
    "pk": 16, 
    "model": "auth.permission", 
    "fields": {
        "name": "Can add site", 
        "content_type": 6, 
        "codename": "add_site"
    }
},
{
    "pk": 17, 
    "model": "auth.permission", 
    "fields": {
        "name": "Can change site", 
        "content_type": 6, 
        "codename": "change_site"
    }
},
{
    "pk": 18, 
    "model": "auth.permission", 
    "fields": {
        "name": "Can delete site", 
        "content_type": 6, 
        "codename": "delete_site"
    }
},
{
    "pk": 19, 
    "model": "auth.permission", 
    "fields": {
        "name": "Can add log entry", 
        "content_type": 7, 
        "codename": "add_logentry"
    }
},
{
    "pk": 20, 
    "model": "auth.permission", 
    "fields": {
        "name": "Can change log entry", 
        "content_type": 7, 
        "codename": "change_logentry"
    }
},
{
    "pk": 21, 
    "model": "auth.permission", 
    "fields": {
        "name": "Can delete log entry", 
        "content_type": 7, 
        "codename": "delete_logentry"
    }
},
{
    "pk": 22, 
    "model": "auth.permission", 
    "fields": {
        "name": "Can add git user", 
        "content_type": 8, 
        "codename": "add_gituser"
    }
},
{
    "pk": 23, 
    "model": "auth.permission", 
    "fields": {
        "name": "Can change git user", 
        "content_type": 8, 
        "codename": "change_gituser"
    }
},
{
    "pk": 24, 
    "model": "auth.permission", 
    "fields": {
        "name": "Can delete git user", 
        "content_type": 8, 
        "codename": "delete_gituser"
    }
},
{
    "pk": 25, 
    "model": "auth.permission", 
    "fields": {
        "name": "Can add git repo", 
        "content_type": 9, 
        "codename": "add_gitrepo"
    }
},
{
    "pk": 26, 
    "model": "auth.permission", 
    "fields": {
        "name": "Can change git repo", 
        "content_type": 9, 
        "codename": "change_gitrepo"
    }
},
{
    "pk": 27, 
    "model": "auth.permission", 
    "fields": {
        "name": "Can delete git repo", 
        "content_type": 9, 
        "codename": "delete_gitrepo"
    }
},
{
    "pk": 28, 
    "model": "auth.permission", 
    "fields": {
        "name": "Can add pull request", 
        "content_type": 10, 
        "codename": "add_pullrequest"
    }
},
{
    "pk": 29, 
    "model": "auth.permission", 
    "fields": {
        "name": "Can change pull request", 
        "content_type": 10, 
        "codename": "change_pullrequest"
    }
},
{
    "pk": 30, 
    "model": "auth.permission", 
    "fields": {
        "name": "Can delete pull request", 
        "content_type": 10, 
        "codename": "delete_pullrequest"
    }
},
{
    "pk": 31, 
    "model": "auth.permission", 
    "fields": {
        "name": "Can add voter", 
        "content_type": 11, 
        "codename": "add_voter"
    }
},
{
    "pk": 32, 
    "model": "auth.permission", 
    "fields": {
        "name": "Can change voter", 
        "content_type": 11, 
        "codename": "change_voter"
    }
},
{
    "pk": 33, 
    "model": "auth.permission", 
    "fields": {
        "name": "Can delete voter", 
        "content_type": 11, 
        "codename": "delete_voter"
    }
},
{
    "pk": 34, 
    "model": "auth.permission", 
    "fields": {
        "name": "Can add section", 
        "content_type": 12, 
        "codename": "add_section"
    }
},
{
    "pk": 35, 
    "model": "auth.permission", 
    "fields": {
        "name": "Can change section", 
        "content_type": 12, 
        "codename": "change_section"
    }
},
{
    "pk": 36, 
    "model": "auth.permission", 
    "fields": {
        "name": "Can delete section", 
        "content_type": 12, 
        "codename": "delete_section"
    }
},
{
    "pk": 37, 
    "model": "auth.permission", 
    "fields": {
        "name": "Can add change", 
        "content_type": 13, 
        "codename": "add_change"
    }
},
{
    "pk": 38, 
    "model": "auth.permission", 
    "fields": {
        "name": "Can change change", 
        "content_type": 13, 
        "codename": "change_change"
    }
},
{
    "pk": 39, 
    "model": "auth.permission", 
    "fields": {
        "name": "Can delete change", 
        "content_type": 13, 
        "codename": "delete_change"
    }
},
{
    "pk": 40, 
    "model": "auth.permission", 
    "fields": {
        "name": "Can add vote", 
        "content_type": 14, 
        "codename": "add_vote"
    }
},
{
    "pk": 41, 
    "model": "auth.permission", 
    "fields": {
        "name": "Can change vote", 
        "content_type": 14, 
        "codename": "change_vote"
    }
},
{
    "pk": 42, 
    "model": "auth.permission", 
    "fields": {
        "name": "Can delete vote", 
        "content_type": 14, 
        "codename": "delete_vote"
    }
},
{
    "pk": 1, 
    "model": "auth.user", 
    "fields": {
        "last_login": "2013-09-12T00:03:20.757Z", 
        "groups": [], 
        "is_superuser": false, 
        "last_name": "", 
        "is_active": true, 
        "email": "", 
        "is_staff": false, 
        "user_permissions": [], 
        "password": "", 
        "username": "user1", 
        "first_name": "", 
        "date_joined": "2013-09-12T00:03:20.757Z"
    }
},
{
    "pk": 2, 
    "model": "auth.user", 
    "fields": {
        "last_login": "2013-09-12T00:03:20.905Z", 
        "groups": [], 
        "is_superuser": false, 
        "last_name": "", 
        "is_active": true, 
        "email": "", 
        "is_staff": false, 
        "user_permissions": [], 
        "password": "", 
        "username": "user2", 
        "first_name": "", 
        "date_joined": "2013-09-12T00:03:20.905Z"
    }
},
{
    "pk": 3, 
    "model": "auth.user", 
    "fields": {
        "last_login": "2013-09-12T00:03:21.129Z", 
        "groups": [], 
        "is_superuser": false, 
        "last_name": "", 
        "is_active": true, 
        "email": "", 
        "is_staff": false, 
        "user_permissions": [], 
        "password": "", 
        "username": "user3", 
        "first_name": "", 
        "date_joined": "2013-09-12T00:03:21.129Z"
    }
},
{
    "pk": 4, 
    "model": "auth.user", 
    "fields": {
        "last_login": "2013-09-12T00:03:21.283Z", 
        "groups": [], 
        "is_superuser": false, 
        "last_name": "", 
        "is_active": true, 
        "email": "", 
        "is_staff": false, 
        "user_permissions": [], 
        "password": "", 
        "username": "user4", 
        "first_name": "", 
        "date_joined": "2013-09-12T00:03:21.283Z"
    }
},
{
    "pk": 5, 
    "model": "auth.user", 
    "fields": {
        "last_login": "2013-09-12T00:03:21.416Z", 
        "groups": [], 
        "is_superuser": false, 
        "last_name": "", 
        "is_active": true, 
        "email": "", 
        "is_staff": false, 
        "user_permissions": [], 
        "password": "", 
        "username": "user5", 
        "first_name": "", 
        "date_joined": "2013-09-12T00:03:21.417Z"
    }
},
{
    "pk": 6, 
    "model": "auth.user", 
    "fields": {
        "last_login": "2013-09-12T00:03:21.550Z", 
        "groups": [], 
        "is_superuser": false, 
        "last_name": "", 
        "is_active": true, 
        "email": "", 
        "is_staff": false, 
        "user_permissions": [], 
        "password": "", 
        "username": "user6", 
        "first_name": "", 
        "date_joined": "2013-09-12T00:03:21.550Z"
    }
},
{
    "pk": 7, 
    "model": "auth.user", 
    "fields": {
        "last_login": "2013-09-12T00:03:21.683Z", 
        "groups": [], 
        "is_superuser": false, 
        "last_name": "", 
        "is_active": true, 
        "email": "", 
        "is_staff": false, 
        "user_permissions": [], 
        "password": "", 
        "username": "user7", 
        "first_name": "", 
        "date_joined": "2013-09-12T00:03:21.683Z"
    }
},
{
    "pk": 8, 
    "model": "auth.user", 
    "fields": {
        "last_login": "2013-09-12T00:03:21.839Z", 
        "groups": [], 
        "is_superuser": false, 
        "last_name": "", 
        "is_active": true, 
        "email": "", 
        "is_staff": false, 
        "user_permissions": [], 
        "password": "", 
        "username": "user8", 
        "first_name": "", 
        "date_joined": "2013-09-12T00:03:21.839Z"
    }
},
{
    "pk": 9, 
    "model": "auth.user", 
    "fields": {
        "last_login": "2013-09-12T00:03:21.994Z", 
        "groups": [], 
        "is_superuser": false, 
        "last_name": "", 
        "is_active": true, 
        "email": "", 
        "is_staff": false, 
        "user_permissions": [], 
        "password": "", 
        "username": "user9", 
        "first_name": "", 
        "date_joined": "2013-09-12T00:03:21.995Z"
    }
},
{
    "pk": 10, 
    "model": "auth.user", 
    "fields": {
        "last_login": "2013-09-12T00:03:22.205Z", 
        "groups": [], 
        "is_superuser": false, 
        "last_name": "", 
        "is_active": true, 
        "email": "", 
        "is_staff": false, 
        "user_permissions": [], 
        "password": "", 
        "username": "user10", 
        "first_name": "", 
        "date_joined": "2013-09-12T00:03:22.206Z"
    }
},
{
    "pk": 11, 
    "model": "auth.user", 
    "fields": {
        "last_login": "2013-09-12T00:03:22.361Z", 
        "groups": [], 
        "is_superuser": false, 
        "last_name": "", 
        "is_active": true, 
        "email": "", 
        "is_staff": false, 
        "user_permissions": [], 
        "password": "", 
        "username": "user11", 
        "first_name": "", 
        "date_joined": "2013-09-12T00:03:22.361Z"
    }
},
{
    "pk": 12, 
    "model": "auth.user", 
    "fields": {
        "last_login": "2013-09-12T00:03:22.516Z", 
        "groups": [], 
        "is_superuser": false, 
        "last_name": "", 
        "is_active": true, 
        "email": "", 
        "is_staff": false, 
        "user_permissions": [], 
        "password": "", 
        "username": "user12", 
        "first_name": "", 
        "date_joined": "2013-09-12T00:03:22.516Z"
    }
},
{
    "pk": 13, 
    "model": "auth.user", 
    "fields": {
        "last_login": "2013-09-12T00:03:22.672Z", 
        "groups": [], 
        "is_superuser": false, 
        "last_name": "", 
        "is_active": true, 
        "email": "", 
        "is_staff": false, 
        "user_permissions": [], 
        "password": "", 
        "username": "user13", 
        "first_name": "", 
        "date_joined": "2013-09-12T00:03:22.672Z"
    }
},
{
    "pk": 14, 
    "model": "auth.user", 
    "fields": {
        "last_login": "2013-09-12T00:03:22.827Z", 
        "groups": [], 
        "is_superuser": false, 
        "last_name": "", 
        "is_active": true, 
        "email": "", 
        "is_staff": false, 
        "user_permissions": [], 
        "password": "", 
        "username": "user14", 
        "first_name": "", 
        "date_joined": "2013-09-12T00:03:22.828Z"
    }
},
{
    "pk": 15, 
    "model": "auth.user", 
    "fields": {
        "last_login": "2013-09-12T00:03:23.005Z", 
        "groups": [], 
        "is_superuser": false, 
        "last_name": "", 
        "is_active": true, 
        "email": "", 
        "is_staff": false, 
        "user_permissions": [], 
        "password": "", 
        "username": "user15", 
        "first_name": "", 
        "date_joined": "2013-09-12T00:03:23.005Z"
    }
},
{
    "pk": 16, 
    "model": "auth.user", 
    "fields": {
        "last_login": "2013-09-12T00:03:23.172Z", 
        "groups": [], 
        "is_superuser": false, 
        "last_name": "", 
        "is_active": true, 
        "email": "", 
        "is_staff": false, 
        "user_permissions": [], 
        "password": "", 
        "username": "user16", 
        "first_name": "", 
        "date_joined": "2013-09-12T00:03:23.172Z"
    }
},
{
    "pk": 17, 
    "model": "auth.user", 
    "fields": {
        "last_login": "2013-09-12T00:03:23.305Z", 
        "groups": [], 
        "is_superuser": false, 
        "last_name": "", 
        "is_active": true, 
        "email": "", 
        "is_staff": false, 
        "user_permissions": [], 
        "password": "", 
        "username": "user17", 
        "first_name": "", 
        "date_joined": "2013-09-12T00:03:23.306Z"
    }
},
{
    "pk": 18, 
    "model": "auth.user", 
    "fields": {
        "last_login": "2013-09-12T00:03:23.461Z", 
        "groups": [], 
        "is_superuser": false, 
        "last_name": "", 
        "is_active": true, 
        "email": "", 
        "is_staff": false, 
        "user_permissions": [], 
        "password": "", 
        "username": "user18", 
        "first_name": "", 
        "date_joined": "2013-09-12T00:03:23.461Z"
    }
},
{
    "pk": 19, 
    "model": "auth.user", 
    "fields": {
        "last_login": "2013-09-12T00:03:23.616Z", 
        "groups": [], 
        "is_superuser": false, 
        "last_name": "", 
        "is_active": true, 
        "email": "", 
        "is_staff": false, 
        "user_permissions": [], 
        "password": "", 
        "username": "user19", 
        "first_name": "", 
        "date_joined": "2013-09-12T00:03:23.616Z"
    }
},
{
    "pk": 20, 
    "model": "auth.user", 
    "fields": {
        "last_login": "2013-09-12T00:03:23.772Z", 
        "groups": [], 
        "is_superuser": false, 
        "last_name": "", 
        "is_active": true, 
        "email": "", 
        "is_staff": false, 
        "user_permissions": [], 
        "password": "", 
        "username": "user20", 
        "first_name": "", 
        "date_joined": "2013-09-12T00:03:23.772Z"
    }
},
{
    "pk": 21, 
    "model": "auth.user", 
    "fields": {
        "last_login": "2013-09-12T00:03:26.006Z", 
        "groups": [], 
        "is_superuser": false, 
        "last_name": "", 
        "is_active": true, 
        "email": "", 
        "is_staff": false, 
        "user_permissions": [], 
        "password": "", 
        "username": "user21", 
        "first_name": "", 
        "date_joined": "2013-09-12T00:03:26.007Z"
    }
},
{
    "pk": 22, 
    "model": "auth.user", 
    "fields": {
        "last_login": "2013-09-12T00:03:26.183Z", 
        "groups": [], 
        "is_superuser": false, 
        "last_name": "", 
        "is_active": true, 
        "email": "", 
        "is_staff": false, 
        "user_permissions": [], 
        "password": "", 
        "username": "user22", 
        "first_name": "", 
        "date_joined": "2013-09-12T00:03:26.184Z"
    }
},
{
    "pk": 23, 
    "model": "auth.user", 
    "fields": {
        "last_login": "2013-09-12T00:03:26.328Z", 
        "groups": [], 
        "is_superuser": false, 
        "last_name": "", 
        "is_active": true, 
        "email": "", 
        "is_staff": false, 
        "user_permissions": [], 
        "password": "", 
        "username": "user23", 
        "first_name": "", 
        "date_joined": "2013-09-12T00:03:26.328Z"
    }
},
{
    "pk": 24, 
    "model": "auth.user", 
    "fields": {
        "last_login": "2013-09-12T00:03:26.484Z", 
        "groups": [], 
        "is_superuser": false, 
        "last_name": "", 
        "is_active": true, 
        "email": "", 
        "is_staff": false, 
        "user_permissions": [], 
        "password": "", 
        "username": "user24", 
        "first_name": "", 
        "date_joined": "2013-09-12T00:03:26.484Z"
    }
},
{
    "pk": 25, 
    "model": "auth.user", 
    "fields": {
        "last_login": "2013-09-12T00:03:26.639Z", 
        "groups": [], 
        "is_superuser": false, 
        "last_name": "", 
        "is_active": true, 
        "email": "", 
        "is_staff": false, 
        "user_permissions": [], 
        "password": "", 
        "username": "user25", 
        "first_name": "", 
        "date_joined": "2013-09-12T00:03:26.640Z"
    }
},
{
    "pk": 26, 
    "model": "auth.user", 
    "fields": {
        "last_login": "2013-09-12T00:03:26.772Z", 
        "groups": [], 
        "is_superuser": false, 
        "last_name": "", 
        "is_active": true, 
        "email": "", 
        "is_staff": false, 
        "user_permissions": [], 
        "password": "", 
        "username": "user26", 
        "first_name": "", 
        "date_joined": "2013-09-12T00:03:26.772Z"
    }
},
{
    "pk": 27, 
    "model": "auth.user", 
    "fields": {
        "last_login": "2013-09-12T00:03:26.906Z", 
        "groups": [], 
        "is_superuser": false, 
        "last_name": "", 
        "is_active": true, 
        "email": "", 
        "is_staff": false, 
        "user_permissions": [], 
        "password": "", 
        "username": "user27", 
        "first_name": "", 
        "date_joined": "2013-09-12T00:03:26.906Z"
    }
},
{
    "pk": 28, 
    "model": "auth.user", 
    "fields": {
        "last_login": "2013-09-12T00:03:27.115Z", 
        "groups": [], 
        "is_superuser": false, 
        "last_name": "", 
        "is_active": true, 
        "email": "", 
        "is_staff": false, 
        "user_permissions": [], 
        "password": "", 
        "username": "user28", 
        "first_name": "", 
        "date_joined": "2013-09-12T00:03:27.115Z"
    }
},
{
    "pk": 29, 
    "model": "auth.user", 
    "fields": {
        "last_login": "2013-09-12T00:03:27.273Z", 
        "groups": [], 
        "is_superuser": false, 
        "last_name": "", 
        "is_active": true, 
        "email": "", 
        "is_staff": false, 
        "user_permissions": [], 
        "password": "", 
        "username": "user29", 
        "first_name": "", 
        "date_joined": "2013-09-12T00:03:27.273Z"
    }
},
{
    "pk": 30, 
    "model": "auth.user", 
    "fields": {
        "last_login": "2013-09-12T00:03:27.428Z", 
        "groups": [], 
        "is_superuser": false, 
        "last_name": "", 
        "is_active": true, 
        "email": "", 
        "is_staff": false, 
        "user_permissions": [], 
        "password": "", 
        "username": "user30", 
        "first_name": "", 
        "date_joined": "2013-09-12T00:03:27.428Z"
    }
},
{
    "pk": 31, 
    "model": "auth.user", 
    "fields": {
        "last_login": "2013-09-12T00:03:27.583Z", 
        "groups": [], 
        "is_superuser": false, 
        "last_name": "", 
        "is_active": true, 
        "email": "", 
        "is_staff": false, 
        "user_permissions": [], 
        "password": "", 
        "username": "user31", 
        "first_name": "", 
        "date_joined": "2013-09-12T00:03:27.584Z"
    }
},
{
    "pk": 32, 
    "model": "auth.user", 
    "fields": {
        "last_login": "2013-09-12T00:03:27.728Z", 
        "groups": [], 
        "is_superuser": false, 
        "last_name": "", 
        "is_active": true, 
        "email": "", 
        "is_staff": false, 
        "user_permissions": [], 
        "password": "", 
        "username": "user32", 
        "first_name": "", 
        "date_joined": "2013-09-12T00:03:27.728Z"
    }
},
{
    "pk": 33, 
    "model": "auth.user", 
    "fields": {
        "last_login": "2013-09-12T00:03:28.996Z", 
        "groups": [], 
        "is_superuser": false, 
        "last_name": "", 
        "is_active": true, 
        "email": "", 
        "is_staff": false, 
        "user_permissions": [], 
        "password": "", 
        "username": "user33", 
        "first_name": "", 
        "date_joined": "2013-09-12T00:03:28.996Z"
    }
},
{
    "pk": 34, 
    "model": "auth.user", 
    "fields": {
        "last_login": "2013-09-12T00:03:29.217Z", 
        "groups": [], 
        "is_superuser": false, 
        "last_name": "", 
        "is_active": true, 
        "email": "", 
        "is_staff": false, 
        "user_permissions": [], 
        "password": "", 
        "username": "user34", 
        "first_name": "", 
        "date_joined": "2013-09-12T00:03:29.217Z"
    }
},
{
    "pk": 35, 
    "model": "auth.user", 
    "fields": {
        "last_login": "2013-09-12T00:03:29.373Z", 
        "groups": [], 
        "is_superuser": false, 
        "last_name": "", 
        "is_active": true, 
        "email": "", 
        "is_staff": false, 
        "user_permissions": [], 
        "password": "", 
        "username": "user35", 
        "first_name": "", 
        "date_joined": "2013-09-12T00:03:29.373Z"
    }
},
{
    "pk": 36, 
    "model": "auth.user", 
    "fields": {
        "last_login": "2013-09-12T00:03:29.528Z", 
        "groups": [], 
        "is_superuser": false, 
        "last_name": "", 
        "is_active": true, 
        "email": "", 
        "is_staff": false, 
        "user_permissions": [], 
        "password": "", 
        "username": "user36", 
        "first_name": "", 
        "date_joined": "2013-09-12T00:03:29.529Z"
    }
},
{
    "pk": 37, 
    "model": "auth.user", 
    "fields": {
        "last_login": "2013-09-12T00:03:29.695Z", 
        "groups": [], 
        "is_superuser": false, 
        "last_name": "", 
        "is_active": true, 
        "email": "", 
        "is_staff": false, 
        "user_permissions": [], 
        "password": "", 
        "username": "user37", 
        "first_name": "", 
        "date_joined": "2013-09-12T00:03:29.696Z"
    }
},
{
    "pk": 38, 
    "model": "auth.user", 
    "fields": {
        "last_login": "2013-09-12T00:03:29.851Z", 
        "groups": [], 
        "is_superuser": false, 
        "last_name": "", 
        "is_active": true, 
        "email": "", 
        "is_staff": false, 
        "user_permissions": [], 
        "password": "", 
        "username": "user38", 
        "first_name": "", 
        "date_joined": "2013-09-12T00:03:29.851Z"
    }
},
{
    "pk": 39, 
    "model": "auth.user", 
    "fields": {
        "last_login": "2013-09-12T00:03:29.995Z", 
        "groups": [], 
        "is_superuser": false, 
        "last_name": "", 
        "is_active": true, 
        "email": "", 
        "is_staff": false, 
        "user_permissions": [], 
        "password": "", 
        "username": "user39", 
        "first_name": "", 
        "date_joined": "2013-09-12T00:03:29.996Z"
    }
},
{
    "pk": 40, 
    "model": "auth.user", 
    "fields": {
        "last_login": "2013-09-12T00:03:30.206Z", 
        "groups": [], 
        "is_superuser": false, 
        "last_name": "", 
        "is_active": true, 
        "email": "", 
        "is_staff": false, 
        "user_permissions": [], 
        "password": "", 
        "username": "user40", 
        "first_name": "", 
        "date_joined": "2013-09-12T00:03:30.206Z"
    }
},
{
    "pk": 41, 
    "model": "auth.user", 
    "fields": {
        "last_login": "2013-09-12T00:03:30.373Z", 
        "groups": [], 
        "is_superuser": false, 
        "last_name": "", 
        "is_active": true, 
        "email": "", 
        "is_staff": false, 
        "user_permissions": [], 
        "password": "", 
        "username": "user41", 
        "first_name": "", 
        "date_joined": "2013-09-12T00:03:30.373Z"
    }
},
{
    "pk": 42, 
    "model": "auth.user", 
    "fields": {
        "last_login": "2013-09-12T00:03:30.507Z", 
        "groups": [], 
        "is_superuser": false, 
        "last_name": "", 
        "is_active": true, 
        "email": "", 
        "is_staff": false, 
        "user_permissions": [], 
        "password": "", 
        "username": "user42", 
        "first_name": "", 
        "date_joined": "2013-09-12T00:03:30.507Z"
    }
},
{
    "pk": 43, 
    "model": "auth.user", 
    "fields": {
        "last_login": "2013-09-12T00:03:30.662Z", 
        "groups": [], 
        "is_superuser": false, 
        "last_name": "", 
        "is_active": true, 
        "email": "", 
        "is_staff": false, 
        "user_permissions": [], 
        "password": "", 
        "username": "user43", 
        "first_name": "", 
        "date_joined": "2013-09-12T00:03:30.662Z"
    }
},
{
    "pk": 44, 
    "model": "auth.user", 
    "fields": {
        "last_login": "2013-09-12T00:03:30.817Z", 
        "groups": [], 
        "is_superuser": false, 
        "last_name": "", 
        "is_active": true, 
        "email": "", 
        "is_staff": false, 
        "user_permissions": [], 
        "password": "", 
        "username": "user44", 
        "first_name": "", 
        "date_joined": "2013-09-12T00:03:30.817Z"
    }
},
{
    "pk": 45, 
    "model": "auth.user", 
    "fields": {
        "last_login": "2013-09-12T00:03:30.973Z", 
        "groups": [], 
        "is_superuser": false, 
        "last_name": "", 
        "is_active": true, 
        "email": "", 
        "is_staff": false, 
        "user_permissions": [], 
        "password": "", 
        "username": "user45", 
        "first_name": "", 
        "date_joined": "2013-09-12T00:03:30.973Z"
    }
},
{
    "pk": 46, 
    "model": "auth.user", 
    "fields": {
        "last_login": "2013-09-12T00:03:31.206Z", 
        "groups": [], 
        "is_superuser": false, 
        "last_name": "", 
        "is_active": true, 
        "email": "", 
        "is_staff": false, 
        "user_permissions": [], 
        "password": "", 
        "username": "user46", 
        "first_name": "", 
        "date_joined": "2013-09-12T00:03:31.207Z"
    }
},
{
    "pk": 47, 
    "model": "auth.user", 
    "fields": {
        "last_login": "2013-09-12T00:03:31.362Z", 
        "groups": [], 
        "is_superuser": false, 
        "last_name": "", 
        "is_active": true, 
        "email": "", 
        "is_staff": false, 
        "user_permissions": [], 
        "password": "", 
        "username": "user47", 
        "first_name": "", 
        "date_joined": "2013-09-12T00:03:31.363Z"
    }
},
{
    "pk": 48, 
    "model": "auth.user", 
    "fields": {
        "last_login": "2013-09-12T00:03:33.130Z", 
        "groups": [], 
        "is_superuser": false, 
        "last_name": "", 
        "is_active": true, 
        "email": "", 
        "is_staff": false, 
        "user_permissions": [], 
        "password": "", 
        "username": "user48", 
        "first_name": "", 
        "date_joined": "2013-09-12T00:03:33.130Z"
    }
},
{
    "pk": 49, 
    "model": "auth.user", 
    "fields": {
        "last_login": "2013-09-12T00:03:33.295Z", 
        "groups": [], 
        "is_superuser": false, 
        "last_name": "", 
        "is_active": true, 
        "email": "", 
        "is_staff": false, 
        "user_permissions": [], 
        "password": "", 
        "username": "user49", 
        "first_name": "", 
        "date_joined": "2013-09-12T00:03:33.296Z"
    }
},
{
    "pk": 50, 
    "model": "auth.user", 
    "fields": {
        "last_login": "2013-09-12T00:03:33.429Z", 
        "groups": [], 
        "is_superuser": false, 
        "last_name": "", 
        "is_active": true, 
        "email": "", 
        "is_staff": false, 
        "user_permissions": [], 
        "password": "", 
        "username": "user50", 
        "first_name": "", 
        "date_joined": "2013-09-12T00:03:33.429Z"
    }
},
{
    "pk": 51, 
    "model": "auth.user", 
    "fields": {
        "last_login": "2013-09-12T00:03:33.562Z", 
        "groups": [], 
        "is_superuser": false, 
        "last_name": "", 
        "is_active": true, 
        "email": "", 
        "is_staff": false, 
        "user_permissions": [], 
        "password": "", 
        "username": "user51", 
        "first_name": "", 
        "date_joined": "2013-09-12T00:03:33.563Z"
    }
},
{
    "pk": 52, 
    "model": "auth.user", 
    "fields": {
        "last_login": "2013-09-12T00:03:33.707Z", 
        "groups": [], 
        "is_superuser": false, 
        "last_name": "", 
        "is_active": true, 
        "email": "", 
        "is_staff": false, 
        "user_permissions": [], 
        "password": "", 
        "username": "user52", 
        "first_name": "", 
        "date_joined": "2013-09-12T00:03:33.707Z"
    }
},
{
    "pk": 53, 
    "model": "auth.user", 
    "fields": {
        "last_login": "2013-09-12T00:03:33.840Z", 
        "groups": [], 
        "is_superuser": false, 
        "last_name": "", 
        "is_active": true, 
        "email": "", 
        "is_staff": false, 
        "user_permissions": [], 
        "password": "", 
        "username": "user53", 
        "first_name": "", 
        "date_joined": "2013-09-12T00:03:33.840Z"
    }
},
{
    "pk": 54, 
    "model": "auth.user", 
    "fields": {
        "last_login": "2013-09-12T00:03:34.048Z", 
        "groups": [], 
        "is_superuser": false, 
        "last_name": "", 
        "is_active": true, 
        "email": "", 
        "is_staff": false, 
        "user_permissions": [], 
        "password": "", 
        "username": "user54", 
        "first_name": "", 
        "date_joined": "2013-09-12T00:03:34.049Z"
    }
},
{
    "pk": 55, 
    "model": "auth.user", 
    "fields": {
        "last_login": "2013-09-12T00:03:34.975Z", 
        "groups": [], 
        "is_superuser": false, 
        "last_name": "", 
        "is_active": true, 
        "email": "", 
        "is_staff": false, 
        "user_permissions": [], 
        "password": "", 
        "username": "user55", 
        "first_name": "", 
        "date_joined": "2013-09-12T00:03:34.975Z"
    }
},
{
    "pk": 56, 
    "model": "auth.user", 
    "fields": {
        "last_login": "2013-09-12T00:03:35.207Z", 
        "groups": [], 
        "is_superuser": false, 
        "last_name": "", 
        "is_active": true, 
        "email": "", 
        "is_staff": false, 
        "user_permissions": [], 
        "password": "", 
        "username": "user56", 
        "first_name": "", 
        "date_joined": "2013-09-12T00:03:35.207Z"
    }
},
{
    "pk": 57, 
    "model": "auth.user", 
    "fields": {
        "last_login": "2013-09-12T00:03:35.340Z", 
        "groups": [], 
        "is_superuser": false, 
        "last_name": "", 
        "is_active": true, 
        "email": "", 
        "is_staff": false, 
        "user_permissions": [], 
        "password": "", 
        "username": "user57", 
        "first_name": "", 
        "date_joined": "2013-09-12T00:03:35.340Z"
    }
},
{
    "pk": 58, 
    "model": "auth.user", 
    "fields": {
        "last_login": "2013-09-12T00:03:35.474Z", 
        "groups": [], 
        "is_superuser": false, 
        "last_name": "", 
        "is_active": true, 
        "email": "", 
        "is_staff": false, 
        "user_permissions": [], 
        "password": "", 
        "username": "user58", 
        "first_name": "", 
        "date_joined": "2013-09-12T00:03:35.474Z"
    }
},
{
    "pk": 59, 
    "model": "auth.user", 
    "fields": {
        "last_login": "2013-09-12T00:03:35.607Z", 
        "groups": [], 
        "is_superuser": false, 
        "last_name": "", 
        "is_active": true, 
        "email": "", 
        "is_staff": false, 
        "user_permissions": [], 
        "password": "", 
        "username": "user59", 
        "first_name": "", 
        "date_joined": "2013-09-12T00:03:35.607Z"
    }
},
{
    "pk": 60, 
    "model": "auth.user", 
    "fields": {
        "last_login": "2013-09-12T00:03:35.763Z", 
        "groups": [], 
        "is_superuser": false, 
        "last_name": "", 
        "is_active": true, 
        "email": "", 
        "is_staff": false, 
        "user_permissions": [], 
        "password": "", 
        "username": "user60", 
        "first_name": "", 
        "date_joined": "2013-09-12T00:03:35.763Z"
    }
},
{
    "pk": 61, 
    "model": "auth.user", 
    "fields": {
        "last_login": "2013-09-12T00:03:35.918Z", 
        "groups": [], 
        "is_superuser": false, 
        "last_name": "", 
        "is_active": true, 
        "email": "", 
        "is_staff": false, 
        "user_permissions": [], 
        "password": "", 
        "username": "user61", 
        "first_name": "", 
        "date_joined": "2013-09-12T00:03:35.918Z"
    }
},
{
    "pk": 62, 
    "model": "auth.user", 
    "fields": {
        "last_login": "2013-09-12T00:03:36.095Z", 
        "groups": [], 
        "is_superuser": false, 
        "last_name": "", 
        "is_active": true, 
        "email": "", 
        "is_staff": false, 
        "user_permissions": [], 
        "password": "", 
        "username": "user62", 
        "first_name": "", 
        "date_joined": "2013-09-12T00:03:36.095Z"
    }
},
{
    "pk": 63, 
    "model": "auth.user", 
    "fields": {
        "last_login": "2013-09-12T00:03:36.263Z", 
        "groups": [], 
        "is_superuser": false, 
        "last_name": "", 
        "is_active": true, 
        "email": "", 
        "is_staff": false, 
        "user_permissions": [], 
        "password": "", 
        "username": "user63", 
        "first_name": "", 
        "date_joined": "2013-09-12T00:03:36.264Z"
    }
},
{
    "pk": 64, 
    "model": "auth.user", 
    "fields": {
        "last_login": "2013-09-12T00:03:36.418Z", 
        "groups": [], 
        "is_superuser": false, 
        "last_name": "", 
        "is_active": true, 
        "email": "", 
        "is_staff": false, 
        "user_permissions": [], 
        "password": "", 
        "username": "user64", 
        "first_name": "", 
        "date_joined": "2013-09-12T00:03:36.418Z"
    }
},
{
    "pk": 65, 
    "model": "auth.user", 
    "fields": {
        "last_login": "2013-09-12T00:03:36.574Z", 
        "groups": [], 
        "is_superuser": false, 
        "last_name": "", 
        "is_active": true, 
        "email": "", 
        "is_staff": false, 
        "user_permissions": [], 
        "password": "", 
        "username": "user65", 
        "first_name": "", 
        "date_joined": "2013-09-12T00:03:36.574Z"
    }
},
{
    "pk": 66, 
    "model": "auth.user", 
    "fields": {
        "last_login": "2013-09-12T00:03:36.729Z", 
        "groups": [], 
        "is_superuser": false, 
        "last_name": "", 
        "is_active": true, 
        "email": "", 
        "is_staff": false, 
        "user_permissions": [], 
        "password": "", 
        "username": "user66", 
        "first_name": "", 
        "date_joined": "2013-09-12T00:03:36.730Z"
    }
},
{
    "pk": 67, 
    "model": "auth.user", 
    "fields": {
        "last_login": "2013-09-12T00:03:36.918Z", 
        "groups": [], 
        "is_superuser": false, 
        "last_name": "", 
        "is_active": true, 
        "email": "", 
        "is_staff": false, 
        "user_permissions": [], 
        "password": "", 
        "username": "user67", 
        "first_name": "", 
        "date_joined": "2013-09-12T00:03:36.919Z"
    }
},
{
    "pk": 68, 
    "model": "auth.user", 
    "fields": {
        "last_login": "2013-09-12T00:03:37.103Z", 
        "groups": [], 
        "is_superuser": false, 
        "last_name": "", 
        "is_active": true, 
        "email": "", 
        "is_staff": false, 
        "user_permissions": [], 
        "password": "", 
        "username": "user68", 
        "first_name": "", 
        "date_joined": "2013-09-12T00:03:37.103Z"
    }
},
{
    "pk": 69, 
    "model": "auth.user", 
    "fields": {
        "last_login": "2013-09-12T00:03:37.240Z", 
        "groups": [], 
        "is_superuser": false, 
        "last_name": "", 
        "is_active": true, 
        "email": "", 
        "is_staff": false, 
        "user_permissions": [], 
        "password": "", 
        "username": "user69", 
        "first_name": "", 
        "date_joined": "2013-09-12T00:03:37.241Z"
    }
},
{
    "pk": 70, 
    "model": "auth.user", 
    "fields": {
        "last_login": "2013-09-12T00:03:37.396Z", 
        "groups": [], 
        "is_superuser": false, 
        "last_name": "", 
        "is_active": true, 
        "email": "", 
        "is_staff": false, 
        "user_permissions": [], 
        "password": "", 
        "username": "user70", 
        "first_name": "", 
        "date_joined": "2013-09-12T00:03:37.396Z"
    }
},
{
    "pk": 71, 
    "model": "auth.user", 
    "fields": {
        "last_login": "2013-09-12T00:03:37.552Z", 
        "groups": [], 
        "is_superuser": false, 
        "last_name": "", 
        "is_active": true, 
        "email": "", 
        "is_staff": false, 
        "user_permissions": [], 
        "password": "", 
        "username": "user71", 
        "first_name": "", 
        "date_joined": "2013-09-12T00:03:37.552Z"
    }
},
{
    "pk": 72, 
    "model": "auth.user", 
    "fields": {
        "last_login": "2013-09-12T00:03:37.707Z", 
        "groups": [], 
        "is_superuser": false, 
        "last_name": "", 
        "is_active": true, 
        "email": "", 
        "is_staff": false, 
        "user_permissions": [], 
        "password": "", 
        "username": "user72", 
        "first_name": "", 
        "date_joined": "2013-09-12T00:03:37.707Z"
    }
},
{
    "pk": 73, 
    "model": "auth.user", 
    "fields": {
        "last_login": "2013-09-12T00:03:37.863Z", 
        "groups": [], 
        "is_superuser": false, 
        "last_name": "", 
        "is_active": true, 
        "email": "", 
        "is_staff": false, 
        "user_permissions": [], 
        "password": "", 
        "username": "user73", 
        "first_name": "", 
        "date_joined": "2013-09-12T00:03:37.863Z"
    }
},
{
    "pk": 74, 
    "model": "auth.user", 
    "fields": {
        "last_login": "2013-09-12T00:03:38.042Z", 
        "groups": [], 
        "is_superuser": false, 
        "last_name": "", 
        "is_active": true, 
        "email": "", 
        "is_staff": false, 
        "user_permissions": [], 
        "password": "", 
        "username": "user74", 
        "first_name": "", 
        "date_joined": "2013-09-12T00:03:38.042Z"
    }
},
{
    "pk": 75, 
    "model": "auth.user", 
    "fields": {
        "last_login": "2013-09-12T00:03:38.196Z", 
        "groups": [], 
        "is_superuser": false, 
        "last_name": "", 
        "is_active": true, 
        "email": "", 
        "is_staff": false, 
        "user_permissions": [], 
        "password": "", 
        "username": "user75", 
        "first_name": "", 
        "date_joined": "2013-09-12T00:03:38.196Z"
    }
},
{
    "pk": 76, 
    "model": "auth.user", 
    "fields": {
        "last_login": "2013-09-12T00:03:38.352Z", 
        "groups": [], 
        "is_superuser": false, 
        "last_name": "", 
        "is_active": true, 
        "email": "", 
        "is_staff": false, 
        "user_permissions": [], 
        "password": "", 
        "username": "user76", 
        "first_name": "", 
        "date_joined": "2013-09-12T00:03:38.352Z"
    }
},
{
    "pk": 77, 
    "model": "auth.user", 
    "fields": {
        "last_login": "2013-09-12T00:03:38.508Z", 
        "groups": [], 
        "is_superuser": false, 
        "last_name": "", 
        "is_active": true, 
        "email": "", 
        "is_staff": false, 
        "user_permissions": [], 
        "password": "", 
        "username": "user77", 
        "first_name": "", 
        "date_joined": "2013-09-12T00:03:38.508Z"
    }
},
{
    "pk": 78, 
    "model": "auth.user", 
    "fields": {
        "last_login": "2013-09-12T00:03:38.652Z", 
        "groups": [], 
        "is_superuser": false, 
        "last_name": "", 
        "is_active": true, 
        "email": "", 
        "is_staff": false, 
        "user_permissions": [], 
        "password": "", 
        "username": "user78", 
        "first_name": "", 
        "date_joined": "2013-09-12T00:03:38.652Z"
    }
},
{
    "pk": 79, 
    "model": "auth.user", 
    "fields": {
        "last_login": "2013-09-12T00:03:38.785Z", 
        "groups": [], 
        "is_superuser": false, 
        "last_name": "", 
        "is_active": true, 
        "email": "", 
        "is_staff": false, 
        "user_permissions": [], 
        "password": "", 
        "username": "user79", 
        "first_name": "", 
        "date_joined": "2013-09-12T00:03:38.785Z"
    }
},
{
    "pk": 1, 
    "model": "voting.voter", 
    "fields": {
        "has_vote": true
    }
},
{
    "pk": 2, 
    "model": "voting.voter", 
    "fields": {
        "has_vote": true
    }
},
{
    "pk": 3, 
    "model": "voting.voter", 
    "fields": {
        "has_vote": true
    }
},
{
    "pk": 4, 
    "model": "voting.voter", 
    "fields": {
        "has_vote": true
    }
},
{
    "pk": 5, 
    "model": "voting.voter", 
    "fields": {
        "has_vote": true
    }
},
{
    "pk": 6, 
    "model": "voting.voter", 
    "fields": {
        "has_vote": true
    }
},
{
    "pk": 7, 
    "model": "voting.voter", 
    "fields": {
        "has_vote": true
    }
},
{
    "pk": 8, 
    "model": "voting.voter", 
    "fields": {
        "has_vote": true
    }
},
{
    "pk": 9, 
    "model": "voting.voter", 
    "fields": {
        "has_vote": true
    }
},
{
    "pk": 10, 
    "model": "voting.voter", 
    "fields": {
        "has_vote": true
    }
},
{
    "pk": 11, 
    "model": "voting.voter", 
    "fields": {
        "has_vote": true
    }
},
{
    "pk": 12, 
    "model": "voting.voter", 
    "fields": {
        "has_vote": true
    }
},
{
    "pk": 13, 
    "model": "voting.voter", 
    "fields": {
        "has_vote": true
    }
},
{
    "pk": 14, 
    "model": "voting.voter", 
    "fields": {
        "has_vote": true
    }
},
{
    "pk": 15, 
    "model": "voting.voter", 
    "fields": {
        "has_vote": true
    }
},
{
    "pk": 16, 
    "model": "voting.voter", 
    "fields": {
        "has_vote": true
    }
},
{
    "pk": 17, 
    "model": "voting.voter", 
    "fields": {
        "has_vote": true
    }
},
{
    "pk": 18, 
    "model": "voting.voter", 
    "fields": {
        "has_vote": true
    }
},
{
    "pk": 19, 
    "model": "voting.voter", 
    "fields": {
        "has_vote": true
    }
},
{
    "pk": 20, 
    "model": "voting.voter", 
    "fields": {
        "has_vote": true
    }
},
{
    "pk": 21, 
    "model": "voting.voter", 
    "fields": {
        "has_vote": true
    }
},
{
    "pk": 22, 
    "model": "voting.voter", 
    "fields": {
        "has_vote": true
    }
},
{
    "pk": 23, 
    "model": "voting.voter", 
    "fields": {
        "has_vote": true
    }
},
{
    "pk": 24, 
    "model": "voting.voter", 
    "fields": {
        "has_vote": true
    }
},
{
    "pk": 25, 
    "model": "voting.voter", 
    "fields": {
        "has_vote": true
    }
},
{
    "pk": 26, 
    "model": "voting.voter", 
    "fields": {
        "has_vote": true
    }
},
{
    "pk": 27, 
    "model": "voting.voter", 
    "fields": {
        "has_vote": true
    }
},
{
    "pk": 28, 
    "model": "voting.voter", 
    "fields": {
        "has_vote": true
    }
},
{
    "pk": 29, 
    "model": "voting.voter", 
    "fields": {
        "has_vote": true
    }
},
{
    "pk": 30, 
    "model": "voting.voter", 
    "fields": {
        "has_vote": true
    }
},
{
    "pk": 31, 
    "model": "voting.voter", 
    "fields": {
        "has_vote": true
    }
},
{
    "pk": 32, 
    "model": "voting.voter", 
    "fields": {
        "has_vote": true
    }
},
{
    "pk": 33, 
    "model": "voting.voter", 
    "fields": {
        "has_vote": true
    }
},
{
    "pk": 34, 
    "model": "voting.voter", 
    "fields": {
        "has_vote": true
    }
},
{
    "pk": 35, 
    "model": "voting.voter", 
    "fields": {
        "has_vote": true
    }
},
{
    "pk": 36, 
    "model": "voting.voter", 
    "fields": {
        "has_vote": true
    }
},
{
    "pk": 37, 
    "model": "voting.voter", 
    "fields": {
        "has_vote": true
    }
},
{
    "pk": 38, 
    "model": "voting.voter", 
    "fields": {
        "has_vote": true
    }
},
{
    "pk": 39, 
    "model": "voting.voter", 
    "fields": {
        "has_vote": true
    }
},
{
    "pk": 40, 
    "model": "voting.voter", 
    "fields": {
        "has_vote": true
    }
},
{
    "pk": 41, 
    "model": "voting.voter", 
    "fields": {
        "has_vote": true
    }
},
{
    "pk": 42, 
    "model": "voting.voter", 
    "fields": {
        "has_vote": true
    }
},
{
    "pk": 43, 
    "model": "voting.voter", 
    "fields": {
        "has_vote": true
    }
},
{
    "pk": 44, 
    "model": "voting.voter", 
    "fields": {
        "has_vote": true
    }
},
{
    "pk": 45, 
    "model": "voting.voter", 
    "fields": {
        "has_vote": true
    }
},
{
    "pk": 46, 
    "model": "voting.voter", 
    "fields": {
        "has_vote": true
    }
},
{
    "pk": 47, 
    "model": "voting.voter", 
    "fields": {
        "has_vote": true
    }
},
{
    "pk": 48, 
    "model": "voting.voter", 
    "fields": {
        "has_vote": true
    }
},
{
    "pk": 49, 
    "model": "voting.voter", 
    "fields": {
        "has_vote": true
    }
},
{
    "pk": 50, 
    "model": "voting.voter", 
    "fields": {
        "has_vote": true
    }
},
{
    "pk": 51, 
    "model": "voting.voter", 
    "fields": {
        "has_vote": true
    }
},
{
    "pk": 52, 
    "model": "voting.voter", 
    "fields": {
        "has_vote": true
    }
},
{
    "pk": 53, 
    "model": "voting.voter", 
    "fields": {
        "has_vote": true
    }
},
{
    "pk": 54, 
    "model": "voting.voter", 
    "fields": {
        "has_vote": true
    }
},
{
    "pk": 55, 
    "model": "voting.voter", 
    "fields": {
        "has_vote": true
    }
},
{
    "pk": 56, 
    "model": "voting.voter", 
    "fields": {
        "has_vote": true
    }
},
{
    "pk": 57, 
    "model": "voting.voter", 
    "fields": {
        "has_vote": true
    }
},
{
    "pk": 58, 
    "model": "voting.voter", 
    "fields": {
        "has_vote": true
    }
},
{
    "pk": 59, 
    "model": "voting.voter", 
    "fields": {
        "has_vote": true
    }
},
{
    "pk": 60, 
    "model": "voting.voter", 
    "fields": {
        "has_vote": true
    }
},
{
    "pk": 61, 
    "model": "voting.voter", 
    "fields": {
        "has_vote": true
    }
},
{
    "pk": 62, 
    "model": "voting.voter", 
    "fields": {
        "has_vote": true
    }
},
{
    "pk": 63, 
    "model": "voting.voter", 
    "fields": {
        "has_vote": true
    }
},
{
    "pk": 64, 
    "model": "voting.voter", 
    "fields": {
        "has_vote": true
    }
},
{
    "pk": 65, 
    "model": "voting.voter", 
    "fields": {
        "has_vote": true
    }
},
{
    "pk": 66, 
    "model": "voting.voter", 
    "fields": {
        "has_vote": true
    }
},
{
    "pk": 67, 
    "model": "voting.voter", 
    "fields": {
        "has_vote": true
    }
},
{
    "pk": 68, 
    "model": "voting.voter", 
    "fields": {
        "has_vote": true
    }
},
{
    "pk": 69, 
    "model": "voting.voter", 
    "fields": {
        "has_vote": true
    }
},
{
    "pk": 70, 
    "model": "voting.voter", 
    "fields": {
        "has_vote": true
    }
},
{
    "pk": 71, 
    "model": "voting.voter", 
    "fields": {
        "has_vote": true
    }
},
{
    "pk": 72, 
    "model": "voting.voter", 
    "fields": {
        "has_vote": true
    }
},
{
    "pk": 73, 
    "model": "voting.voter", 
    "fields": {
        "has_vote": true
    }
},
{
    "pk": 74, 
    "model": "voting.voter", 
    "fields": {
        "has_vote": true
    }
},
{
    "pk": 75, 
    "model": "voting.voter", 
    "fields": {
        "has_vote": true
    }
},
{
    "pk": 76, 
    "model": "voting.voter", 
    "fields": {
        "has_vote": true
    }
},
{
    "pk": 77, 
    "model": "voting.voter", 
    "fields": {
        "has_vote": true
    }
},
{
    "pk": 78, 
    "model": "voting.voter", 
    "fields": {
        "has_vote": true
    }
},
{
    "pk": 79, 
    "model": "voting.voter", 
    "fields": {
        "has_vote": true
    }
}
]
