[
{
    "fields": {
        "app_label": "auth", 
        "model": "permission", 
        "name": "permission"
    }, 
    "model": "contenttypes.contenttype", 
    "pk": 1
},
{
    "fields": {
        "app_label": "auth", 
        "model": "group", 
        "name": "group"
    }, 
    "model": "contenttypes.contenttype", 
    "pk": 2
},
{
    "fields": {
        "app_label": "auth", 
        "model": "user", 
        "name": "user"
    }, 
    "model": "contenttypes.contenttype", 
    "pk": 3
},
{
    "fields": {
        "app_label": "contenttypes", 
        "model": "contenttype", 
        "name": "content type"
    }, 
    "model": "contenttypes.contenttype", 
    "pk": 4
},
{
    "fields": {
        "app_label": "sessions", 
        "model": "session", 
        "name": "session"
    }, 
    "model": "contenttypes.contenttype", 
    "pk": 5
},
{
    "fields": {
        "app_label": "sites", 
        "model": "site", 
        "name": "site"
    }, 
    "model": "contenttypes.contenttype", 
    "pk": 6
},
{
    "fields": {
        "app_label": "admin", 
        "model": "logentry", 
        "name": "log entry"
    }, 
    "model": "contenttypes.contenttype", 
    "pk": 7
},
{
    "fields": {
        "app_label": "gitrepos", 
        "model": "gituser", 
        "name": "git user"
    }, 
    "model": "contenttypes.contenttype", 
    "pk": 8
},
{
    "fields": {
        "app_label": "gitrepos", 
        "model": "gitrepo", 
        "name": "git repo"
    }, 
    "model": "contenttypes.contenttype", 
    "pk": 9
},
{
    "fields": {
        "app_label": "gitrepos", 
        "model": "pullrequest", 
        "name": "pull request"
    }, 
    "model": "contenttypes.contenttype", 
    "pk": 10
},
{
    "fields": {
        "app_label": "voting", 
        "model": "voter", 
        "name": "voter"
    }, 
    "model": "contenttypes.contenttype", 
    "pk": 11
},
{
    "fields": {
        "app_label": "voting", 
        "model": "section", 
        "name": "section"
    }, 
    "model": "contenttypes.contenttype", 
    "pk": 12
},
{
    "fields": {
        "app_label": "voting", 
        "model": "change", 
        "name": "change"
    }, 
    "model": "contenttypes.contenttype", 
    "pk": 13
},
{
    "fields": {
        "app_label": "voting", 
        "model": "vote", 
        "name": "vote"
    }, 
    "model": "contenttypes.contenttype", 
    "pk": 14
},
{
    "fields": {
        "name": "example.com", 
        "domain": "example.com"
    }, 
    "model": "sites.site", 
    "pk": 1
},
{
    "fields": {
        "html_url": "https://github.com/democraticd/democraticd/tree/master", 
        "description": "", 
        "branch": "master", 
        "name": "democraticd"
    }, 
    "model": "gitrepos.gitrepo", 
    "pk": 1
},
{
    "fields": {
        "issue_id": 1, 
        "title": "Change everything to RED", 
        "state": 0, 
        "ref": "", 
        "html_url": "https://github.com/democraticd/democraticd/pull/1", 
        "repo": 1, 
        "description": "I really like red, blue is rubbish.", 
        "base_sha": "", 
        "sha": "", 
        "git_user": null
    }, 
    "model": "gitrepos.pullrequest", 
    "pk": "github/democraticd issue #1"
},
{
    "fields": {
        "issue_id": 2, 
        "title": "Add a unicorn to the front page", 
        "state": 0, 
        "ref": "", 
        "html_url": "https://github.com/democraticd/democraticd/pull/2", 
        "repo": 1, 
        "description": "Unicorns are the bestest", 
        "base_sha": "", 
        "sha": "", 
        "git_user": null
    }, 
    "model": "gitrepos.pullrequest", 
    "pk": "github/democraticd issue #2"
},
{
    "fields": {
        "issue_id": 666, 
        "title": "DESTROY SERVER", 
        "state": 0, 
        "ref": "", 
        "html_url": "https://github.com/democraticd/democraticd/pull/666", 
        "repo": 1, 
        "description": "I LOVE TO WATCH THINGS BURN", 
        "base_sha": "", 
        "sha": "", 
        "git_user": null
    }, 
    "model": "gitrepos.pullrequest", 
    "pk": "github/democraticd issue #666"
},
{
    "fields": {
        "issue_id": 8, 
        "title": "Wow what a lot of changes", 
        "state": 0, 
        "ref": "", 
        "html_url": "https://github.com/democraticd/democraticd/pull/8", 
        "repo": 1, 
        "description": "", 
        "base_sha": "", 
        "sha": "", 
        "git_user": null
    }, 
    "model": "gitrepos.pullrequest", 
    "pk": "github/democraticd issue #8"
},
{
    "fields": {
        "majority_for_change": 0.5, 
        "content_type": 9, 
        "object_id": "1"
    }, 
    "model": "voting.section", 
    "pk": 1
},
{
    "fields": {
        "content_type": 10, 
        "object_id": "github/democraticd issue #1", 
        "sections": [
            1
        ]
    }, 
    "model": "voting.change", 
    "pk": 1
},
{
    "fields": {
        "content_type": 10, 
        "object_id": "github/democraticd issue #2", 
        "sections": [
            1
        ]
    }, 
    "model": "voting.change", 
    "pk": 2
},
{
    "fields": {
        "content_type": 10, 
        "object_id": "github/democraticd issue #8", 
        "sections": [
            1
        ]
    }, 
    "model": "voting.change", 
    "pk": 3
},
{
    "fields": {
        "content_type": 10, 
        "object_id": "github/democraticd issue #666", 
        "sections": [
            1
        ]
    }, 
    "model": "voting.change", 
    "pk": 4
},
{
    "fields": {
        "voter": 2, 
        "section": 1, 
        "change": 2, 
        "priority": 1
    }, 
    "model": "voting.vote", 
    "pk": 1
},
{
    "fields": {
        "voter": 2, 
        "section": 1, 
        "change": 1, 
        "priority": 2
    }, 
    "model": "voting.vote", 
    "pk": 2
},
{
    "fields": {
        "voter": 2, 
        "section": 1, 
        "change": 4, 
        "priority": 3
    }, 
    "model": "voting.vote", 
    "pk": 3
},
{
    "fields": {
        "voter": 3, 
        "section": 1, 
        "change": 2, 
        "priority": 1
    }, 
    "model": "voting.vote", 
    "pk": 4
},
{
    "fields": {
        "voter": 3, 
        "section": 1, 
        "change": 1, 
        "priority": 2
    }, 
    "model": "voting.vote", 
    "pk": 5
},
{
    "fields": {
        "voter": 3, 
        "section": 1, 
        "change": 4, 
        "priority": 3
    }, 
    "model": "voting.vote", 
    "pk": 6
},
{
    "fields": {
        "voter": 4, 
        "section": 1, 
        "change": 2, 
        "priority": 1
    }, 
    "model": "voting.vote", 
    "pk": 7
},
{
    "fields": {
        "voter": 4, 
        "section": 1, 
        "change": 1, 
        "priority": 2
    }, 
    "model": "voting.vote", 
    "pk": 8
},
{
    "fields": {
        "voter": 4, 
        "section": 1, 
        "change": 4, 
        "priority": 3
    }, 
    "model": "voting.vote", 
    "pk": 9
},
{
    "fields": {
        "voter": 5, 
        "section": 1, 
        "change": 2, 
        "priority": 1
    }, 
    "model": "voting.vote", 
    "pk": 10
},
{
    "fields": {
        "voter": 5, 
        "section": 1, 
        "change": 1, 
        "priority": 2
    }, 
    "model": "voting.vote", 
    "pk": 11
},
{
    "fields": {
        "voter": 5, 
        "section": 1, 
        "change": 4, 
        "priority": 3
    }, 
    "model": "voting.vote", 
    "pk": 12
},
{
    "fields": {
        "voter": 6, 
        "section": 1, 
        "change": 2, 
        "priority": 1
    }, 
    "model": "voting.vote", 
    "pk": 13
},
{
    "fields": {
        "voter": 6, 
        "section": 1, 
        "change": 1, 
        "priority": 2
    }, 
    "model": "voting.vote", 
    "pk": 14
},
{
    "fields": {
        "voter": 6, 
        "section": 1, 
        "change": 4, 
        "priority": 3
    }, 
    "model": "voting.vote", 
    "pk": 15
},
{
    "fields": {
        "voter": 7, 
        "section": 1, 
        "change": 2, 
        "priority": 1
    }, 
    "model": "voting.vote", 
    "pk": 16
},
{
    "fields": {
        "voter": 7, 
        "section": 1, 
        "change": 1, 
        "priority": 2
    }, 
    "model": "voting.vote", 
    "pk": 17
},
{
    "fields": {
        "voter": 7, 
        "section": 1, 
        "change": 4, 
        "priority": 3
    }, 
    "model": "voting.vote", 
    "pk": 18
},
{
    "fields": {
        "voter": 8, 
        "section": 1, 
        "change": 2, 
        "priority": 1
    }, 
    "model": "voting.vote", 
    "pk": 19
},
{
    "fields": {
        "voter": 8, 
        "section": 1, 
        "change": 1, 
        "priority": 2
    }, 
    "model": "voting.vote", 
    "pk": 20
},
{
    "fields": {
        "voter": 8, 
        "section": 1, 
        "change": 4, 
        "priority": 3
    }, 
    "model": "voting.vote", 
    "pk": 21
},
{
    "fields": {
        "voter": 9, 
        "section": 1, 
        "change": 2, 
        "priority": 1
    }, 
    "model": "voting.vote", 
    "pk": 22
},
{
    "fields": {
        "voter": 9, 
        "section": 1, 
        "change": 1, 
        "priority": 2
    }, 
    "model": "voting.vote", 
    "pk": 23
},
{
    "fields": {
        "voter": 9, 
        "section": 1, 
        "change": 4, 
        "priority": 3
    }, 
    "model": "voting.vote", 
    "pk": 24
},
{
    "fields": {
        "voter": 10, 
        "section": 1, 
        "change": 2, 
        "priority": 1
    }, 
    "model": "voting.vote", 
    "pk": 25
},
{
    "fields": {
        "voter": 10, 
        "section": 1, 
        "change": 1, 
        "priority": 2
    }, 
    "model": "voting.vote", 
    "pk": 26
},
{
    "fields": {
        "voter": 10, 
        "section": 1, 
        "change": 4, 
        "priority": 3
    }, 
    "model": "voting.vote", 
    "pk": 27
},
{
    "fields": {
        "voter": 11, 
        "section": 1, 
        "change": 2, 
        "priority": 1
    }, 
    "model": "voting.vote", 
    "pk": 28
},
{
    "fields": {
        "voter": 11, 
        "section": 1, 
        "change": 1, 
        "priority": 2
    }, 
    "model": "voting.vote", 
    "pk": 29
},
{
    "fields": {
        "voter": 11, 
        "section": 1, 
        "change": 4, 
        "priority": 3
    }, 
    "model": "voting.vote", 
    "pk": 30
},
{
    "fields": {
        "voter": 12, 
        "section": 1, 
        "change": 2, 
        "priority": 1
    }, 
    "model": "voting.vote", 
    "pk": 31
},
{
    "fields": {
        "voter": 12, 
        "section": 1, 
        "change": 1, 
        "priority": 2
    }, 
    "model": "voting.vote", 
    "pk": 32
},
{
    "fields": {
        "voter": 12, 
        "section": 1, 
        "change": 4, 
        "priority": 3
    }, 
    "model": "voting.vote", 
    "pk": 33
},
{
    "fields": {
        "voter": 13, 
        "section": 1, 
        "change": 2, 
        "priority": 1
    }, 
    "model": "voting.vote", 
    "pk": 34
},
{
    "fields": {
        "voter": 13, 
        "section": 1, 
        "change": 1, 
        "priority": 2
    }, 
    "model": "voting.vote", 
    "pk": 35
},
{
    "fields": {
        "voter": 13, 
        "section": 1, 
        "change": 4, 
        "priority": 3
    }, 
    "model": "voting.vote", 
    "pk": 36
},
{
    "fields": {
        "voter": 14, 
        "section": 1, 
        "change": 2, 
        "priority": 1
    }, 
    "model": "voting.vote", 
    "pk": 37
},
{
    "fields": {
        "voter": 14, 
        "section": 1, 
        "change": 1, 
        "priority": 2
    }, 
    "model": "voting.vote", 
    "pk": 38
},
{
    "fields": {
        "voter": 14, 
        "section": 1, 
        "change": 4, 
        "priority": 3
    }, 
    "model": "voting.vote", 
    "pk": 39
},
{
    "fields": {
        "voter": 15, 
        "section": 1, 
        "change": 2, 
        "priority": 1
    }, 
    "model": "voting.vote", 
    "pk": 40
},
{
    "fields": {
        "voter": 15, 
        "section": 1, 
        "change": 1, 
        "priority": 2
    }, 
    "model": "voting.vote", 
    "pk": 41
},
{
    "fields": {
        "voter": 15, 
        "section": 1, 
        "change": 4, 
        "priority": 3
    }, 
    "model": "voting.vote", 
    "pk": 42
},
{
    "fields": {
        "voter": 16, 
        "section": 1, 
        "change": 2, 
        "priority": 1
    }, 
    "model": "voting.vote", 
    "pk": 43
},
{
    "fields": {
        "voter": 16, 
        "section": 1, 
        "change": 1, 
        "priority": 2
    }, 
    "model": "voting.vote", 
    "pk": 44
},
{
    "fields": {
        "voter": 16, 
        "section": 1, 
        "change": 4, 
        "priority": 3
    }, 
    "model": "voting.vote", 
    "pk": 45
},
{
    "fields": {
        "voter": 17, 
        "section": 1, 
        "change": 2, 
        "priority": 1
    }, 
    "model": "voting.vote", 
    "pk": 46
},
{
    "fields": {
        "voter": 17, 
        "section": 1, 
        "change": 1, 
        "priority": 2
    }, 
    "model": "voting.vote", 
    "pk": 47
},
{
    "fields": {
        "voter": 17, 
        "section": 1, 
        "change": 4, 
        "priority": 3
    }, 
    "model": "voting.vote", 
    "pk": 48
},
{
    "fields": {
        "voter": 18, 
        "section": 1, 
        "change": 2, 
        "priority": 1
    }, 
    "model": "voting.vote", 
    "pk": 49
},
{
    "fields": {
        "voter": 18, 
        "section": 1, 
        "change": 1, 
        "priority": 2
    }, 
    "model": "voting.vote", 
    "pk": 50
},
{
    "fields": {
        "voter": 18, 
        "section": 1, 
        "change": 4, 
        "priority": 3
    }, 
    "model": "voting.vote", 
    "pk": 51
},
{
    "fields": {
        "voter": 19, 
        "section": 1, 
        "change": 2, 
        "priority": 1
    }, 
    "model": "voting.vote", 
    "pk": 52
},
{
    "fields": {
        "voter": 19, 
        "section": 1, 
        "change": 1, 
        "priority": 2
    }, 
    "model": "voting.vote", 
    "pk": 53
},
{
    "fields": {
        "voter": 19, 
        "section": 1, 
        "change": 4, 
        "priority": 3
    }, 
    "model": "voting.vote", 
    "pk": 54
},
{
    "fields": {
        "voter": 20, 
        "section": 1, 
        "change": 2, 
        "priority": 1
    }, 
    "model": "voting.vote", 
    "pk": 55
},
{
    "fields": {
        "voter": 20, 
        "section": 1, 
        "change": 1, 
        "priority": 2
    }, 
    "model": "voting.vote", 
    "pk": 56
},
{
    "fields": {
        "voter": 20, 
        "section": 1, 
        "change": 4, 
        "priority": 3
    }, 
    "model": "voting.vote", 
    "pk": 57
},
{
    "fields": {
        "voter": 21, 
        "section": 1, 
        "change": 2, 
        "priority": 1
    }, 
    "model": "voting.vote", 
    "pk": 58
},
{
    "fields": {
        "voter": 21, 
        "section": 1, 
        "change": 1, 
        "priority": 2
    }, 
    "model": "voting.vote", 
    "pk": 59
},
{
    "fields": {
        "voter": 21, 
        "section": 1, 
        "change": 4, 
        "priority": 3
    }, 
    "model": "voting.vote", 
    "pk": 60
},
{
    "fields": {
        "voter": 22, 
        "section": 1, 
        "change": 3, 
        "priority": 1
    }, 
    "model": "voting.vote", 
    "pk": 61
},
{
    "fields": {
        "voter": 23, 
        "section": 1, 
        "change": 3, 
        "priority": 1
    }, 
    "model": "voting.vote", 
    "pk": 62
},
{
    "fields": {
        "voter": 24, 
        "section": 1, 
        "change": 3, 
        "priority": 1
    }, 
    "model": "voting.vote", 
    "pk": 63
},
{
    "fields": {
        "voter": 25, 
        "section": 1, 
        "change": 3, 
        "priority": 1
    }, 
    "model": "voting.vote", 
    "pk": 64
},
{
    "fields": {
        "voter": 26, 
        "section": 1, 
        "change": 3, 
        "priority": 1
    }, 
    "model": "voting.vote", 
    "pk": 65
},
{
    "fields": {
        "voter": 27, 
        "section": 1, 
        "change": 3, 
        "priority": 1
    }, 
    "model": "voting.vote", 
    "pk": 66
},
{
    "fields": {
        "voter": 28, 
        "section": 1, 
        "change": 3, 
        "priority": 1
    }, 
    "model": "voting.vote", 
    "pk": 67
},
{
    "fields": {
        "voter": 29, 
        "section": 1, 
        "change": 3, 
        "priority": 1
    }, 
    "model": "voting.vote", 
    "pk": 68
},
{
    "fields": {
        "voter": 30, 
        "section": 1, 
        "change": 3, 
        "priority": 1
    }, 
    "model": "voting.vote", 
    "pk": 69
},
{
    "fields": {
        "voter": 31, 
        "section": 1, 
        "change": 3, 
        "priority": 1
    }, 
    "model": "voting.vote", 
    "pk": 70
},
{
    "fields": {
        "voter": 32, 
        "section": 1, 
        "change": 3, 
        "priority": 1
    }, 
    "model": "voting.vote", 
    "pk": 71
},
{
    "fields": {
        "voter": 33, 
        "section": 1, 
        "change": 3, 
        "priority": 1
    }, 
    "model": "voting.vote", 
    "pk": 72
},
{
    "fields": {
        "voter": 34, 
        "section": 1, 
        "change": 2, 
        "priority": 1
    }, 
    "model": "voting.vote", 
    "pk": 73
},
{
    "fields": {
        "voter": 34, 
        "section": 1, 
        "change": 1, 
        "priority": 2
    }, 
    "model": "voting.vote", 
    "pk": 74
},
{
    "fields": {
        "voter": 34, 
        "section": 1, 
        "change": 4, 
        "priority": 3
    }, 
    "model": "voting.vote", 
    "pk": 75
},
{
    "fields": {
        "voter": 35, 
        "section": 1, 
        "change": 2, 
        "priority": 1
    }, 
    "model": "voting.vote", 
    "pk": 76
},
{
    "fields": {
        "voter": 35, 
        "section": 1, 
        "change": 1, 
        "priority": 2
    }, 
    "model": "voting.vote", 
    "pk": 77
},
{
    "fields": {
        "voter": 35, 
        "section": 1, 
        "change": 4, 
        "priority": 3
    }, 
    "model": "voting.vote", 
    "pk": 78
},
{
    "fields": {
        "voter": 36, 
        "section": 1, 
        "change": 2, 
        "priority": 1
    }, 
    "model": "voting.vote", 
    "pk": 79
},
{
    "fields": {
        "voter": 36, 
        "section": 1, 
        "change": 1, 
        "priority": 2
    }, 
    "model": "voting.vote", 
    "pk": 80
},
{
    "fields": {
        "voter": 36, 
        "section": 1, 
        "change": 4, 
        "priority": 3
    }, 
    "model": "voting.vote", 
    "pk": 81
},
{
    "fields": {
        "voter": 37, 
        "section": 1, 
        "change": 2, 
        "priority": 1
    }, 
    "model": "voting.vote", 
    "pk": 82
},
{
    "fields": {
        "voter": 37, 
        "section": 1, 
        "change": 1, 
        "priority": 2
    }, 
    "model": "voting.vote", 
    "pk": 83
},
{
    "fields": {
        "voter": 37, 
        "section": 1, 
        "change": 4, 
        "priority": 3
    }, 
    "model": "voting.vote", 
    "pk": 84
},
{
    "fields": {
        "voter": 38, 
        "section": 1, 
        "change": 2, 
        "priority": 1
    }, 
    "model": "voting.vote", 
    "pk": 85
},
{
    "fields": {
        "voter": 38, 
        "section": 1, 
        "change": 1, 
        "priority": 2
    }, 
    "model": "voting.vote", 
    "pk": 86
},
{
    "fields": {
        "voter": 38, 
        "section": 1, 
        "change": 4, 
        "priority": 3
    }, 
    "model": "voting.vote", 
    "pk": 87
},
{
    "fields": {
        "voter": 39, 
        "section": 1, 
        "change": 2, 
        "priority": 1
    }, 
    "model": "voting.vote", 
    "pk": 88
},
{
    "fields": {
        "voter": 39, 
        "section": 1, 
        "change": 1, 
        "priority": 2
    }, 
    "model": "voting.vote", 
    "pk": 89
},
{
    "fields": {
        "voter": 39, 
        "section": 1, 
        "change": 4, 
        "priority": 3
    }, 
    "model": "voting.vote", 
    "pk": 90
},
{
    "fields": {
        "voter": 40, 
        "section": 1, 
        "change": 2, 
        "priority": 1
    }, 
    "model": "voting.vote", 
    "pk": 91
},
{
    "fields": {
        "voter": 40, 
        "section": 1, 
        "change": 1, 
        "priority": 2
    }, 
    "model": "voting.vote", 
    "pk": 92
},
{
    "fields": {
        "voter": 40, 
        "section": 1, 
        "change": 4, 
        "priority": 3
    }, 
    "model": "voting.vote", 
    "pk": 93
},
{
    "fields": {
        "voter": 41, 
        "section": 1, 
        "change": 2, 
        "priority": 1
    }, 
    "model": "voting.vote", 
    "pk": 94
},
{
    "fields": {
        "voter": 41, 
        "section": 1, 
        "change": 1, 
        "priority": 2
    }, 
    "model": "voting.vote", 
    "pk": 95
},
{
    "fields": {
        "voter": 41, 
        "section": 1, 
        "change": 4, 
        "priority": 3
    }, 
    "model": "voting.vote", 
    "pk": 96
},
{
    "fields": {
        "voter": 42, 
        "section": 1, 
        "change": 2, 
        "priority": 1
    }, 
    "model": "voting.vote", 
    "pk": 97
},
{
    "fields": {
        "voter": 42, 
        "section": 1, 
        "change": 1, 
        "priority": 2
    }, 
    "model": "voting.vote", 
    "pk": 98
},
{
    "fields": {
        "voter": 42, 
        "section": 1, 
        "change": 4, 
        "priority": 3
    }, 
    "model": "voting.vote", 
    "pk": 99
},
{
    "fields": {
        "voter": 43, 
        "section": 1, 
        "change": 2, 
        "priority": 1
    }, 
    "model": "voting.vote", 
    "pk": 100
},
{
    "fields": {
        "voter": 43, 
        "section": 1, 
        "change": 1, 
        "priority": 2
    }, 
    "model": "voting.vote", 
    "pk": 101
},
{
    "fields": {
        "voter": 43, 
        "section": 1, 
        "change": 4, 
        "priority": 3
    }, 
    "model": "voting.vote", 
    "pk": 102
},
{
    "fields": {
        "voter": 44, 
        "section": 1, 
        "change": 2, 
        "priority": 1
    }, 
    "model": "voting.vote", 
    "pk": 103
},
{
    "fields": {
        "voter": 44, 
        "section": 1, 
        "change": 1, 
        "priority": 2
    }, 
    "model": "voting.vote", 
    "pk": 104
},
{
    "fields": {
        "voter": 44, 
        "section": 1, 
        "change": 4, 
        "priority": 3
    }, 
    "model": "voting.vote", 
    "pk": 105
},
{
    "fields": {
        "voter": 45, 
        "section": 1, 
        "change": 2, 
        "priority": 1
    }, 
    "model": "voting.vote", 
    "pk": 106
},
{
    "fields": {
        "voter": 45, 
        "section": 1, 
        "change": 1, 
        "priority": 2
    }, 
    "model": "voting.vote", 
    "pk": 107
},
{
    "fields": {
        "voter": 45, 
        "section": 1, 
        "change": 4, 
        "priority": 3
    }, 
    "model": "voting.vote", 
    "pk": 108
},
{
    "fields": {
        "voter": 46, 
        "section": 1, 
        "change": 2, 
        "priority": 1
    }, 
    "model": "voting.vote", 
    "pk": 109
},
{
    "fields": {
        "voter": 46, 
        "section": 1, 
        "change": 1, 
        "priority": 2
    }, 
    "model": "voting.vote", 
    "pk": 110
},
{
    "fields": {
        "voter": 46, 
        "section": 1, 
        "change": 4, 
        "priority": 3
    }, 
    "model": "voting.vote", 
    "pk": 111
},
{
    "fields": {
        "voter": 47, 
        "section": 1, 
        "change": 2, 
        "priority": 1
    }, 
    "model": "voting.vote", 
    "pk": 112
},
{
    "fields": {
        "voter": 47, 
        "section": 1, 
        "change": 1, 
        "priority": 2
    }, 
    "model": "voting.vote", 
    "pk": 113
},
{
    "fields": {
        "voter": 47, 
        "section": 1, 
        "change": 4, 
        "priority": 3
    }, 
    "model": "voting.vote", 
    "pk": 114
},
{
    "fields": {
        "voter": 48, 
        "section": 1, 
        "change": 2, 
        "priority": 1
    }, 
    "model": "voting.vote", 
    "pk": 115
},
{
    "fields": {
        "voter": 48, 
        "section": 1, 
        "change": 1, 
        "priority": 2
    }, 
    "model": "voting.vote", 
    "pk": 116
},
{
    "fields": {
        "voter": 48, 
        "section": 1, 
        "change": 4, 
        "priority": 3
    }, 
    "model": "voting.vote", 
    "pk": 117
},
{
    "fields": {
        "voter": 49, 
        "section": 1, 
        "change": 3, 
        "priority": 1
    }, 
    "model": "voting.vote", 
    "pk": 118
},
{
    "fields": {
        "voter": 49, 
        "section": 1, 
        "change": 2, 
        "priority": 2
    }, 
    "model": "voting.vote", 
    "pk": 119
},
{
    "fields": {
        "voter": 49, 
        "section": 1, 
        "change": 4, 
        "priority": 3
    }, 
    "model": "voting.vote", 
    "pk": 120
},
{
    "fields": {
        "voter": 50, 
        "section": 1, 
        "change": 3, 
        "priority": 1
    }, 
    "model": "voting.vote", 
    "pk": 121
},
{
    "fields": {
        "voter": 50, 
        "section": 1, 
        "change": 2, 
        "priority": 2
    }, 
    "model": "voting.vote", 
    "pk": 122
},
{
    "fields": {
        "voter": 50, 
        "section": 1, 
        "change": 4, 
        "priority": 3
    }, 
    "model": "voting.vote", 
    "pk": 123
},
{
    "fields": {
        "voter": 51, 
        "section": 1, 
        "change": 3, 
        "priority": 1
    }, 
    "model": "voting.vote", 
    "pk": 124
},
{
    "fields": {
        "voter": 51, 
        "section": 1, 
        "change": 2, 
        "priority": 2
    }, 
    "model": "voting.vote", 
    "pk": 125
},
{
    "fields": {
        "voter": 51, 
        "section": 1, 
        "change": 4, 
        "priority": 3
    }, 
    "model": "voting.vote", 
    "pk": 126
},
{
    "fields": {
        "voter": 52, 
        "section": 1, 
        "change": 3, 
        "priority": 1
    }, 
    "model": "voting.vote", 
    "pk": 127
},
{
    "fields": {
        "voter": 52, 
        "section": 1, 
        "change": 2, 
        "priority": 2
    }, 
    "model": "voting.vote", 
    "pk": 128
},
{
    "fields": {
        "voter": 52, 
        "section": 1, 
        "change": 4, 
        "priority": 3
    }, 
    "model": "voting.vote", 
    "pk": 129
},
{
    "fields": {
        "voter": 53, 
        "section": 1, 
        "change": 3, 
        "priority": 1
    }, 
    "model": "voting.vote", 
    "pk": 130
},
{
    "fields": {
        "voter": 53, 
        "section": 1, 
        "change": 2, 
        "priority": 2
    }, 
    "model": "voting.vote", 
    "pk": 131
},
{
    "fields": {
        "voter": 53, 
        "section": 1, 
        "change": 4, 
        "priority": 3
    }, 
    "model": "voting.vote", 
    "pk": 132
},
{
    "fields": {
        "voter": 54, 
        "section": 1, 
        "change": 3, 
        "priority": 1
    }, 
    "model": "voting.vote", 
    "pk": 133
},
{
    "fields": {
        "voter": 54, 
        "section": 1, 
        "change": 2, 
        "priority": 2
    }, 
    "model": "voting.vote", 
    "pk": 134
},
{
    "fields": {
        "voter": 54, 
        "section": 1, 
        "change": 4, 
        "priority": 3
    }, 
    "model": "voting.vote", 
    "pk": 135
},
{
    "fields": {
        "voter": 55, 
        "section": 1, 
        "change": 3, 
        "priority": 1
    }, 
    "model": "voting.vote", 
    "pk": 136
},
{
    "fields": {
        "voter": 55, 
        "section": 1, 
        "change": 2, 
        "priority": 2
    }, 
    "model": "voting.vote", 
    "pk": 137
},
{
    "fields": {
        "voter": 55, 
        "section": 1, 
        "change": 4, 
        "priority": 3
    }, 
    "model": "voting.vote", 
    "pk": 138
},
{
    "fields": {
        "voter": 56, 
        "section": 1, 
        "change": 2, 
        "priority": 1
    }, 
    "model": "voting.vote", 
    "pk": 139
},
{
    "fields": {
        "voter": 56, 
        "section": 1, 
        "change": 3, 
        "priority": 2
    }, 
    "model": "voting.vote", 
    "pk": 140
},
{
    "fields": {
        "voter": 56, 
        "section": 1, 
        "change": 1, 
        "priority": 3
    }, 
    "model": "voting.vote", 
    "pk": 141
},
{
    "fields": {
        "voter": 56, 
        "section": 1, 
        "change": 4, 
        "priority": 4
    }, 
    "model": "voting.vote", 
    "pk": 142
},
{
    "fields": {
        "voter": 57, 
        "section": 1, 
        "change": 2, 
        "priority": 1
    }, 
    "model": "voting.vote", 
    "pk": 143
},
{
    "fields": {
        "voter": 57, 
        "section": 1, 
        "change": 3, 
        "priority": 2
    }, 
    "model": "voting.vote", 
    "pk": 144
},
{
    "fields": {
        "voter": 57, 
        "section": 1, 
        "change": 1, 
        "priority": 3
    }, 
    "model": "voting.vote", 
    "pk": 145
},
{
    "fields": {
        "voter": 57, 
        "section": 1, 
        "change": 4, 
        "priority": 4
    }, 
    "model": "voting.vote", 
    "pk": 146
},
{
    "fields": {
        "voter": 58, 
        "section": 1, 
        "change": 2, 
        "priority": 1
    }, 
    "model": "voting.vote", 
    "pk": 147
},
{
    "fields": {
        "voter": 58, 
        "section": 1, 
        "change": 3, 
        "priority": 2
    }, 
    "model": "voting.vote", 
    "pk": 148
},
{
    "fields": {
        "voter": 58, 
        "section": 1, 
        "change": 1, 
        "priority": 3
    }, 
    "model": "voting.vote", 
    "pk": 149
},
{
    "fields": {
        "voter": 58, 
        "section": 1, 
        "change": 4, 
        "priority": 4
    }, 
    "model": "voting.vote", 
    "pk": 150
},
{
    "fields": {
        "voter": 59, 
        "section": 1, 
        "change": 2, 
        "priority": 1
    }, 
    "model": "voting.vote", 
    "pk": 151
},
{
    "fields": {
        "voter": 59, 
        "section": 1, 
        "change": 3, 
        "priority": 2
    }, 
    "model": "voting.vote", 
    "pk": 152
},
{
    "fields": {
        "voter": 59, 
        "section": 1, 
        "change": 1, 
        "priority": 3
    }, 
    "model": "voting.vote", 
    "pk": 153
},
{
    "fields": {
        "voter": 59, 
        "section": 1, 
        "change": 4, 
        "priority": 4
    }, 
    "model": "voting.vote", 
    "pk": 154
},
{
    "fields": {
        "voter": 60, 
        "section": 1, 
        "change": 2, 
        "priority": 1
    }, 
    "model": "voting.vote", 
    "pk": 155
},
{
    "fields": {
        "voter": 60, 
        "section": 1, 
        "change": 3, 
        "priority": 2
    }, 
    "model": "voting.vote", 
    "pk": 156
},
{
    "fields": {
        "voter": 60, 
        "section": 1, 
        "change": 1, 
        "priority": 3
    }, 
    "model": "voting.vote", 
    "pk": 157
},
{
    "fields": {
        "voter": 60, 
        "section": 1, 
        "change": 4, 
        "priority": 4
    }, 
    "model": "voting.vote", 
    "pk": 158
},
{
    "fields": {
        "voter": 61, 
        "section": 1, 
        "change": 2, 
        "priority": 1
    }, 
    "model": "voting.vote", 
    "pk": 159
},
{
    "fields": {
        "voter": 61, 
        "section": 1, 
        "change": 3, 
        "priority": 2
    }, 
    "model": "voting.vote", 
    "pk": 160
},
{
    "fields": {
        "voter": 61, 
        "section": 1, 
        "change": 1, 
        "priority": 3
    }, 
    "model": "voting.vote", 
    "pk": 161
},
{
    "fields": {
        "voter": 61, 
        "section": 1, 
        "change": 4, 
        "priority": 4
    }, 
    "model": "voting.vote", 
    "pk": 162
},
{
    "fields": {
        "voter": 62, 
        "section": 1, 
        "change": 2, 
        "priority": 1
    }, 
    "model": "voting.vote", 
    "pk": 163
},
{
    "fields": {
        "voter": 62, 
        "section": 1, 
        "change": 3, 
        "priority": 2
    }, 
    "model": "voting.vote", 
    "pk": 164
},
{
    "fields": {
        "voter": 62, 
        "section": 1, 
        "change": 1, 
        "priority": 3
    }, 
    "model": "voting.vote", 
    "pk": 165
},
{
    "fields": {
        "voter": 62, 
        "section": 1, 
        "change": 4, 
        "priority": 4
    }, 
    "model": "voting.vote", 
    "pk": 166
},
{
    "fields": {
        "voter": 63, 
        "section": 1, 
        "change": 2, 
        "priority": 1
    }, 
    "model": "voting.vote", 
    "pk": 167
},
{
    "fields": {
        "voter": 63, 
        "section": 1, 
        "change": 3, 
        "priority": 2
    }, 
    "model": "voting.vote", 
    "pk": 168
},
{
    "fields": {
        "voter": 63, 
        "section": 1, 
        "change": 1, 
        "priority": 3
    }, 
    "model": "voting.vote", 
    "pk": 169
},
{
    "fields": {
        "voter": 63, 
        "section": 1, 
        "change": 4, 
        "priority": 4
    }, 
    "model": "voting.vote", 
    "pk": 170
},
{
    "fields": {
        "voter": 64, 
        "section": 1, 
        "change": 2, 
        "priority": 1
    }, 
    "model": "voting.vote", 
    "pk": 171
},
{
    "fields": {
        "voter": 64, 
        "section": 1, 
        "change": 3, 
        "priority": 2
    }, 
    "model": "voting.vote", 
    "pk": 172
},
{
    "fields": {
        "voter": 64, 
        "section": 1, 
        "change": 1, 
        "priority": 3
    }, 
    "model": "voting.vote", 
    "pk": 173
},
{
    "fields": {
        "voter": 64, 
        "section": 1, 
        "change": 4, 
        "priority": 4
    }, 
    "model": "voting.vote", 
    "pk": 174
},
{
    "fields": {
        "voter": 65, 
        "section": 1, 
        "change": 2, 
        "priority": 1
    }, 
    "model": "voting.vote", 
    "pk": 175
},
{
    "fields": {
        "voter": 65, 
        "section": 1, 
        "change": 3, 
        "priority": 2
    }, 
    "model": "voting.vote", 
    "pk": 176
},
{
    "fields": {
        "voter": 65, 
        "section": 1, 
        "change": 1, 
        "priority": 3
    }, 
    "model": "voting.vote", 
    "pk": 177
},
{
    "fields": {
        "voter": 65, 
        "section": 1, 
        "change": 4, 
        "priority": 4
    }, 
    "model": "voting.vote", 
    "pk": 178
},
{
    "fields": {
        "voter": 66, 
        "section": 1, 
        "change": 2, 
        "priority": 1
    }, 
    "model": "voting.vote", 
    "pk": 179
},
{
    "fields": {
        "voter": 66, 
        "section": 1, 
        "change": 3, 
        "priority": 2
    }, 
    "model": "voting.vote", 
    "pk": 180
},
{
    "fields": {
        "voter": 66, 
        "section": 1, 
        "change": 1, 
        "priority": 3
    }, 
    "model": "voting.vote", 
    "pk": 181
},
{
    "fields": {
        "voter": 66, 
        "section": 1, 
        "change": 4, 
        "priority": 4
    }, 
    "model": "voting.vote", 
    "pk": 182
},
{
    "fields": {
        "voter": 67, 
        "section": 1, 
        "change": 2, 
        "priority": 1
    }, 
    "model": "voting.vote", 
    "pk": 183
},
{
    "fields": {
        "voter": 67, 
        "section": 1, 
        "change": 3, 
        "priority": 2
    }, 
    "model": "voting.vote", 
    "pk": 184
},
{
    "fields": {
        "voter": 67, 
        "section": 1, 
        "change": 1, 
        "priority": 3
    }, 
    "model": "voting.vote", 
    "pk": 185
},
{
    "fields": {
        "voter": 67, 
        "section": 1, 
        "change": 4, 
        "priority": 4
    }, 
    "model": "voting.vote", 
    "pk": 186
},
{
    "fields": {
        "voter": 68, 
        "section": 1, 
        "change": 2, 
        "priority": 1
    }, 
    "model": "voting.vote", 
    "pk": 187
},
{
    "fields": {
        "voter": 68, 
        "section": 1, 
        "change": 3, 
        "priority": 2
    }, 
    "model": "voting.vote", 
    "pk": 188
},
{
    "fields": {
        "voter": 68, 
        "section": 1, 
        "change": 1, 
        "priority": 3
    }, 
    "model": "voting.vote", 
    "pk": 189
},
{
    "fields": {
        "voter": 68, 
        "section": 1, 
        "change": 4, 
        "priority": 4
    }, 
    "model": "voting.vote", 
    "pk": 190
},
{
    "fields": {
        "voter": 69, 
        "section": 1, 
        "change": 2, 
        "priority": 1
    }, 
    "model": "voting.vote", 
    "pk": 191
},
{
    "fields": {
        "voter": 69, 
        "section": 1, 
        "change": 3, 
        "priority": 2
    }, 
    "model": "voting.vote", 
    "pk": 192
},
{
    "fields": {
        "voter": 69, 
        "section": 1, 
        "change": 1, 
        "priority": 3
    }, 
    "model": "voting.vote", 
    "pk": 193
},
{
    "fields": {
        "voter": 69, 
        "section": 1, 
        "change": 4, 
        "priority": 4
    }, 
    "model": "voting.vote", 
    "pk": 194
},
{
    "fields": {
        "voter": 70, 
        "section": 1, 
        "change": 2, 
        "priority": 1
    }, 
    "model": "voting.vote", 
    "pk": 195
},
{
    "fields": {
        "voter": 70, 
        "section": 1, 
        "change": 3, 
        "priority": 2
    }, 
    "model": "voting.vote", 
    "pk": 196
},
{
    "fields": {
        "voter": 70, 
        "section": 1, 
        "change": 1, 
        "priority": 3
    }, 
    "model": "voting.vote", 
    "pk": 197
},
{
    "fields": {
        "voter": 70, 
        "section": 1, 
        "change": 4, 
        "priority": 4
    }, 
    "model": "voting.vote", 
    "pk": 198
},
{
    "fields": {
        "voter": 71, 
        "section": 1, 
        "change": 2, 
        "priority": 1
    }, 
    "model": "voting.vote", 
    "pk": 199
},
{
    "fields": {
        "voter": 71, 
        "section": 1, 
        "change": 3, 
        "priority": 2
    }, 
    "model": "voting.vote", 
    "pk": 200
},
{
    "fields": {
        "voter": 71, 
        "section": 1, 
        "change": 1, 
        "priority": 3
    }, 
    "model": "voting.vote", 
    "pk": 201
},
{
    "fields": {
        "voter": 71, 
        "section": 1, 
        "change": 4, 
        "priority": 4
    }, 
    "model": "voting.vote", 
    "pk": 202
},
{
    "fields": {
        "voter": 72, 
        "section": 1, 
        "change": 2, 
        "priority": 1
    }, 
    "model": "voting.vote", 
    "pk": 203
},
{
    "fields": {
        "voter": 72, 
        "section": 1, 
        "change": 3, 
        "priority": 2
    }, 
    "model": "voting.vote", 
    "pk": 204
},
{
    "fields": {
        "voter": 72, 
        "section": 1, 
        "change": 1, 
        "priority": 3
    }, 
    "model": "voting.vote", 
    "pk": 205
},
{
    "fields": {
        "voter": 72, 
        "section": 1, 
        "change": 4, 
        "priority": 4
    }, 
    "model": "voting.vote", 
    "pk": 206
},
{
    "fields": {
        "voter": 73, 
        "section": 1, 
        "change": 2, 
        "priority": 1
    }, 
    "model": "voting.vote", 
    "pk": 207
},
{
    "fields": {
        "voter": 73, 
        "section": 1, 
        "change": 3, 
        "priority": 2
    }, 
    "model": "voting.vote", 
    "pk": 208
},
{
    "fields": {
        "voter": 73, 
        "section": 1, 
        "change": 1, 
        "priority": 3
    }, 
    "model": "voting.vote", 
    "pk": 209
},
{
    "fields": {
        "voter": 73, 
        "section": 1, 
        "change": 4, 
        "priority": 4
    }, 
    "model": "voting.vote", 
    "pk": 210
},
{
    "fields": {
        "voter": 74, 
        "section": 1, 
        "change": 2, 
        "priority": 1
    }, 
    "model": "voting.vote", 
    "pk": 211
},
{
    "fields": {
        "voter": 74, 
        "section": 1, 
        "change": 3, 
        "priority": 2
    }, 
    "model": "voting.vote", 
    "pk": 212
},
{
    "fields": {
        "voter": 74, 
        "section": 1, 
        "change": 1, 
        "priority": 3
    }, 
    "model": "voting.vote", 
    "pk": 213
},
{
    "fields": {
        "voter": 74, 
        "section": 1, 
        "change": 4, 
        "priority": 4
    }, 
    "model": "voting.vote", 
    "pk": 214
},
{
    "fields": {
        "voter": 75, 
        "section": 1, 
        "change": 2, 
        "priority": 1
    }, 
    "model": "voting.vote", 
    "pk": 215
},
{
    "fields": {
        "voter": 75, 
        "section": 1, 
        "change": 3, 
        "priority": 2
    }, 
    "model": "voting.vote", 
    "pk": 216
},
{
    "fields": {
        "voter": 75, 
        "section": 1, 
        "change": 1, 
        "priority": 3
    }, 
    "model": "voting.vote", 
    "pk": 217
},
{
    "fields": {
        "voter": 75, 
        "section": 1, 
        "change": 4, 
        "priority": 4
    }, 
    "model": "voting.vote", 
    "pk": 218
},
{
    "fields": {
        "voter": 76, 
        "section": 1, 
        "change": 2, 
        "priority": 1
    }, 
    "model": "voting.vote", 
    "pk": 219
},
{
    "fields": {
        "voter": 76, 
        "section": 1, 
        "change": 3, 
        "priority": 2
    }, 
    "model": "voting.vote", 
    "pk": 220
},
{
    "fields": {
        "voter": 76, 
        "section": 1, 
        "change": 1, 
        "priority": 3
    }, 
    "model": "voting.vote", 
    "pk": 221
},
{
    "fields": {
        "voter": 76, 
        "section": 1, 
        "change": 4, 
        "priority": 4
    }, 
    "model": "voting.vote", 
    "pk": 222
},
{
    "fields": {
        "voter": 77, 
        "section": 1, 
        "change": 2, 
        "priority": 1
    }, 
    "model": "voting.vote", 
    "pk": 223
},
{
    "fields": {
        "voter": 77, 
        "section": 1, 
        "change": 3, 
        "priority": 2
    }, 
    "model": "voting.vote", 
    "pk": 224
},
{
    "fields": {
        "voter": 77, 
        "section": 1, 
        "change": 1, 
        "priority": 3
    }, 
    "model": "voting.vote", 
    "pk": 225
},
{
    "fields": {
        "voter": 77, 
        "section": 1, 
        "change": 4, 
        "priority": 4
    }, 
    "model": "voting.vote", 
    "pk": 226
},
{
    "fields": {
        "voter": 78, 
        "section": 1, 
        "change": 2, 
        "priority": 1
    }, 
    "model": "voting.vote", 
    "pk": 227
},
{
    "fields": {
        "voter": 78, 
        "section": 1, 
        "change": 3, 
        "priority": 2
    }, 
    "model": "voting.vote", 
    "pk": 228
},
{
    "fields": {
        "voter": 78, 
        "section": 1, 
        "change": 1, 
        "priority": 3
    }, 
    "model": "voting.vote", 
    "pk": 229
},
{
    "fields": {
        "voter": 78, 
        "section": 1, 
        "change": 4, 
        "priority": 4
    }, 
    "model": "voting.vote", 
    "pk": 230
},
{
    "fields": {
        "voter": 79, 
        "section": 1, 
        "change": 2, 
        "priority": 1
    }, 
    "model": "voting.vote", 
    "pk": 231
},
{
    "fields": {
        "voter": 79, 
        "section": 1, 
        "change": 3, 
        "priority": 2
    }, 
    "model": "voting.vote", 
    "pk": 232
},
{
    "fields": {
        "voter": 79, 
        "section": 1, 
        "change": 1, 
        "priority": 3
    }, 
    "model": "voting.vote", 
    "pk": 233
},
{
    "fields": {
        "voter": 79, 
        "section": 1, 
        "change": 4, 
        "priority": 4
    }, 
    "model": "voting.vote", 
    "pk": 234
},
{
    "fields": {
        "voter": 80, 
        "section": 1, 
        "change": 2, 
        "priority": 1
    }, 
    "model": "voting.vote", 
    "pk": 235
},
{
    "fields": {
        "voter": 80, 
        "section": 1, 
        "change": 3, 
        "priority": 2
    }, 
    "model": "voting.vote", 
    "pk": 236
},
{
    "fields": {
        "voter": 80, 
        "section": 1, 
        "change": 1, 
        "priority": 3
    }, 
    "model": "voting.vote", 
    "pk": 237
},
{
    "fields": {
        "voter": 80, 
        "section": 1, 
        "change": 4, 
        "priority": 4
    }, 
    "model": "voting.vote", 
    "pk": 238
},
{
    "fields": {
        "content_type": 1, 
        "name": "Can add permission", 
        "codename": "add_permission"
    }, 
    "model": "auth.permission", 
    "pk": 1
},
{
    "fields": {
        "content_type": 1, 
        "name": "Can change permission", 
        "codename": "change_permission"
    }, 
    "model": "auth.permission", 
    "pk": 2
},
{
    "fields": {
        "content_type": 1, 
        "name": "Can delete permission", 
        "codename": "delete_permission"
    }, 
    "model": "auth.permission", 
    "pk": 3
},
{
    "fields": {
        "content_type": 2, 
        "name": "Can add group", 
        "codename": "add_group"
    }, 
    "model": "auth.permission", 
    "pk": 4
},
{
    "fields": {
        "content_type": 2, 
        "name": "Can change group", 
        "codename": "change_group"
    }, 
    "model": "auth.permission", 
    "pk": 5
},
{
    "fields": {
        "content_type": 2, 
        "name": "Can delete group", 
        "codename": "delete_group"
    }, 
    "model": "auth.permission", 
    "pk": 6
},
{
    "fields": {
        "content_type": 3, 
        "name": "Can add user", 
        "codename": "add_user"
    }, 
    "model": "auth.permission", 
    "pk": 7
},
{
    "fields": {
        "content_type": 3, 
        "name": "Can change user", 
        "codename": "change_user"
    }, 
    "model": "auth.permission", 
    "pk": 8
},
{
    "fields": {
        "content_type": 3, 
        "name": "Can delete user", 
        "codename": "delete_user"
    }, 
    "model": "auth.permission", 
    "pk": 9
},
{
    "fields": {
        "content_type": 4, 
        "name": "Can add content type", 
        "codename": "add_contenttype"
    }, 
    "model": "auth.permission", 
    "pk": 10
},
{
    "fields": {
        "content_type": 4, 
        "name": "Can change content type", 
        "codename": "change_contenttype"
    }, 
    "model": "auth.permission", 
    "pk": 11
},
{
    "fields": {
        "content_type": 4, 
        "name": "Can delete content type", 
        "codename": "delete_contenttype"
    }, 
    "model": "auth.permission", 
    "pk": 12
},
{
    "fields": {
        "content_type": 5, 
        "name": "Can add session", 
        "codename": "add_session"
    }, 
    "model": "auth.permission", 
    "pk": 13
},
{
    "fields": {
        "content_type": 5, 
        "name": "Can change session", 
        "codename": "change_session"
    }, 
    "model": "auth.permission", 
    "pk": 14
},
{
    "fields": {
        "content_type": 5, 
        "name": "Can delete session", 
        "codename": "delete_session"
    }, 
    "model": "auth.permission", 
    "pk": 15
},
{
    "fields": {
        "content_type": 6, 
        "name": "Can add site", 
        "codename": "add_site"
    }, 
    "model": "auth.permission", 
    "pk": 16
},
{
    "fields": {
        "content_type": 6, 
        "name": "Can change site", 
        "codename": "change_site"
    }, 
    "model": "auth.permission", 
    "pk": 17
},
{
    "fields": {
        "content_type": 6, 
        "name": "Can delete site", 
        "codename": "delete_site"
    }, 
    "model": "auth.permission", 
    "pk": 18
},
{
    "fields": {
        "content_type": 7, 
        "name": "Can add log entry", 
        "codename": "add_logentry"
    }, 
    "model": "auth.permission", 
    "pk": 19
},
{
    "fields": {
        "content_type": 7, 
        "name": "Can change log entry", 
        "codename": "change_logentry"
    }, 
    "model": "auth.permission", 
    "pk": 20
},
{
    "fields": {
        "content_type": 7, 
        "name": "Can delete log entry", 
        "codename": "delete_logentry"
    }, 
    "model": "auth.permission", 
    "pk": 21
},
{
    "fields": {
        "content_type": 8, 
        "name": "Can add git user", 
        "codename": "add_gituser"
    }, 
    "model": "auth.permission", 
    "pk": 22
},
{
    "fields": {
        "content_type": 8, 
        "name": "Can change git user", 
        "codename": "change_gituser"
    }, 
    "model": "auth.permission", 
    "pk": 23
},
{
    "fields": {
        "content_type": 8, 
        "name": "Can delete git user", 
        "codename": "delete_gituser"
    }, 
    "model": "auth.permission", 
    "pk": 24
},
{
    "fields": {
        "content_type": 9, 
        "name": "Can add git repo", 
        "codename": "add_gitrepo"
    }, 
    "model": "auth.permission", 
    "pk": 25
},
{
    "fields": {
        "content_type": 9, 
        "name": "Can change git repo", 
        "codename": "change_gitrepo"
    }, 
    "model": "auth.permission", 
    "pk": 26
},
{
    "fields": {
        "content_type": 9, 
        "name": "Can delete git repo", 
        "codename": "delete_gitrepo"
    }, 
    "model": "auth.permission", 
    "pk": 27
},
{
    "fields": {
        "content_type": 10, 
        "name": "Can add pull request", 
        "codename": "add_pullrequest"
    }, 
    "model": "auth.permission", 
    "pk": 28
},
{
    "fields": {
        "content_type": 10, 
        "name": "Can change pull request", 
        "codename": "change_pullrequest"
    }, 
    "model": "auth.permission", 
    "pk": 29
},
{
    "fields": {
        "content_type": 10, 
        "name": "Can delete pull request", 
        "codename": "delete_pullrequest"
    }, 
    "model": "auth.permission", 
    "pk": 30
},
{
    "fields": {
        "content_type": 11, 
        "name": "Can add voter", 
        "codename": "add_voter"
    }, 
    "model": "auth.permission", 
    "pk": 31
},
{
    "fields": {
        "content_type": 11, 
        "name": "Can change voter", 
        "codename": "change_voter"
    }, 
    "model": "auth.permission", 
    "pk": 32
},
{
    "fields": {
        "content_type": 11, 
        "name": "Can delete voter", 
        "codename": "delete_voter"
    }, 
    "model": "auth.permission", 
    "pk": 33
},
{
    "fields": {
        "content_type": 12, 
        "name": "Can add section", 
        "codename": "add_section"
    }, 
    "model": "auth.permission", 
    "pk": 34
},
{
    "fields": {
        "content_type": 12, 
        "name": "Can change section", 
        "codename": "change_section"
    }, 
    "model": "auth.permission", 
    "pk": 35
},
{
    "fields": {
        "content_type": 12, 
        "name": "Can delete section", 
        "codename": "delete_section"
    }, 
    "model": "auth.permission", 
    "pk": 36
},
{
    "fields": {
        "content_type": 13, 
        "name": "Can add change", 
        "codename": "add_change"
    }, 
    "model": "auth.permission", 
    "pk": 37
},
{
    "fields": {
        "content_type": 13, 
        "name": "Can change change", 
        "codename": "change_change"
    }, 
    "model": "auth.permission", 
    "pk": 38
},
{
    "fields": {
        "content_type": 13, 
        "name": "Can delete change", 
        "codename": "delete_change"
    }, 
    "model": "auth.permission", 
    "pk": 39
},
{
    "fields": {
        "content_type": 14, 
        "name": "Can add vote", 
        "codename": "add_vote"
    }, 
    "model": "auth.permission", 
    "pk": 40
},
{
    "fields": {
        "content_type": 14, 
        "name": "Can change vote", 
        "codename": "change_vote"
    }, 
    "model": "auth.permission", 
    "pk": 41
},
{
    "fields": {
        "content_type": 14, 
        "name": "Can delete vote", 
        "codename": "delete_vote"
    }, 
    "model": "auth.permission", 
    "pk": 42
},
{
    "fields": {
        "first_name": "", 
        "last_login": "2013-09-12T19:06:05.933Z", 
        "is_staff": true, 
        "is_superuser": true, 
        "username": "tom", 
        "email": "", 
        "groups": [], 
        "date_joined": "2013-09-12T19:06:05.933Z", 
        "password": "pbkdf2_sha256$10000$nudnzjMSqlbp$+v4VsoxC7jm31NArjsytreMUBEF6yNbPvwCN9LX/ePQ=", 
        "is_active": true, 
        "last_name": "", 
        "user_permissions": []
    }, 
    "model": "auth.user", 
    "pk": 1
},
{
    "fields": {
        "first_name": "", 
        "last_login": "2013-09-12T19:06:34.670Z", 
        "is_staff": false, 
        "is_superuser": false, 
        "username": "user1", 
        "email": "", 
        "groups": [], 
        "date_joined": "2013-09-12T19:06:34.671Z", 
        "password": "", 
        "is_active": true, 
        "last_name": "", 
        "user_permissions": []
    }, 
    "model": "auth.user", 
    "pk": 2
},
{
    "fields": {
        "first_name": "", 
        "last_login": "2013-09-12T19:06:34.916Z", 
        "is_staff": false, 
        "is_superuser": false, 
        "username": "user2", 
        "email": "", 
        "groups": [], 
        "date_joined": "2013-09-12T19:06:34.916Z", 
        "password": "", 
        "is_active": true, 
        "last_name": "", 
        "user_permissions": []
    }, 
    "model": "auth.user", 
    "pk": 3
},
{
    "fields": {
        "first_name": "", 
        "last_login": "2013-09-12T19:06:35.212Z", 
        "is_staff": false, 
        "is_superuser": false, 
        "username": "user3", 
        "email": "", 
        "groups": [], 
        "date_joined": "2013-09-12T19:06:35.212Z", 
        "password": "", 
        "is_active": true, 
        "last_name": "", 
        "user_permissions": []
    }, 
    "model": "auth.user", 
    "pk": 4
},
{
    "fields": {
        "first_name": "", 
        "last_login": "2013-09-12T19:06:35.437Z", 
        "is_staff": false, 
        "is_superuser": false, 
        "username": "user4", 
        "email": "", 
        "groups": [], 
        "date_joined": "2013-09-12T19:06:35.437Z", 
        "password": "", 
        "is_active": true, 
        "last_name": "", 
        "user_permissions": []
    }, 
    "model": "auth.user", 
    "pk": 5
},
{
    "fields": {
        "first_name": "", 
        "last_login": "2013-09-12T19:06:35.636Z", 
        "is_staff": false, 
        "is_superuser": false, 
        "username": "user5", 
        "email": "", 
        "groups": [], 
        "date_joined": "2013-09-12T19:06:35.637Z", 
        "password": "", 
        "is_active": true, 
        "last_name": "", 
        "user_permissions": []
    }, 
    "model": "auth.user", 
    "pk": 6
},
{
    "fields": {
        "first_name": "", 
        "last_login": "2013-09-12T19:06:35.848Z", 
        "is_staff": false, 
        "is_superuser": false, 
        "username": "user6", 
        "email": "", 
        "groups": [], 
        "date_joined": "2013-09-12T19:06:35.849Z", 
        "password": "", 
        "is_active": true, 
        "last_name": "", 
        "user_permissions": []
    }, 
    "model": "auth.user", 
    "pk": 7
},
{
    "fields": {
        "first_name": "", 
        "last_login": "2013-09-12T19:06:36.141Z", 
        "is_staff": false, 
        "is_superuser": false, 
        "username": "user7", 
        "email": "", 
        "groups": [], 
        "date_joined": "2013-09-12T19:06:36.141Z", 
        "password": "", 
        "is_active": true, 
        "last_name": "", 
        "user_permissions": []
    }, 
    "model": "auth.user", 
    "pk": 8
},
{
    "fields": {
        "first_name": "", 
        "last_login": "2013-09-12T19:06:36.381Z", 
        "is_staff": false, 
        "is_superuser": false, 
        "username": "user8", 
        "email": "", 
        "groups": [], 
        "date_joined": "2013-09-12T19:06:36.381Z", 
        "password": "", 
        "is_active": true, 
        "last_name": "", 
        "user_permissions": []
    }, 
    "model": "auth.user", 
    "pk": 9
},
{
    "fields": {
        "first_name": "", 
        "last_login": "2013-09-12T19:06:36.615Z", 
        "is_staff": false, 
        "is_superuser": false, 
        "username": "user9", 
        "email": "", 
        "groups": [], 
        "date_joined": "2013-09-12T19:06:36.616Z", 
        "password": "", 
        "is_active": true, 
        "last_name": "", 
        "user_permissions": []
    }, 
    "model": "auth.user", 
    "pk": 10
},
{
    "fields": {
        "first_name": "", 
        "last_login": "2013-09-12T19:06:36.847Z", 
        "is_staff": false, 
        "is_superuser": false, 
        "username": "user10", 
        "email": "", 
        "groups": [], 
        "date_joined": "2013-09-12T19:06:36.848Z", 
        "password": "", 
        "is_active": true, 
        "last_name": "", 
        "user_permissions": []
    }, 
    "model": "auth.user", 
    "pk": 11
},
{
    "fields": {
        "first_name": "", 
        "last_login": "2013-09-12T19:06:37.115Z", 
        "is_staff": false, 
        "is_superuser": false, 
        "username": "user11", 
        "email": "", 
        "groups": [], 
        "date_joined": "2013-09-12T19:06:37.115Z", 
        "password": "", 
        "is_active": true, 
        "last_name": "", 
        "user_permissions": []
    }, 
    "model": "auth.user", 
    "pk": 12
},
{
    "fields": {
        "first_name": "", 
        "last_login": "2013-09-12T19:06:37.325Z", 
        "is_staff": false, 
        "is_superuser": false, 
        "username": "user12", 
        "email": "", 
        "groups": [], 
        "date_joined": "2013-09-12T19:06:37.325Z", 
        "password": "", 
        "is_active": true, 
        "last_name": "", 
        "user_permissions": []
    }, 
    "model": "auth.user", 
    "pk": 13
},
{
    "fields": {
        "first_name": "", 
        "last_login": "2013-09-12T19:06:37.581Z", 
        "is_staff": false, 
        "is_superuser": false, 
        "username": "user13", 
        "email": "", 
        "groups": [], 
        "date_joined": "2013-09-12T19:06:37.581Z", 
        "password": "", 
        "is_active": true, 
        "last_name": "", 
        "user_permissions": []
    }, 
    "model": "auth.user", 
    "pk": 14
},
{
    "fields": {
        "first_name": "", 
        "last_login": "2013-09-12T19:06:37.814Z", 
        "is_staff": false, 
        "is_superuser": false, 
        "username": "user14", 
        "email": "", 
        "groups": [], 
        "date_joined": "2013-09-12T19:06:37.814Z", 
        "password": "", 
        "is_active": true, 
        "last_name": "", 
        "user_permissions": []
    }, 
    "model": "auth.user", 
    "pk": 15
},
{
    "fields": {
        "first_name": "", 
        "last_login": "2013-09-12T19:06:38.112Z", 
        "is_staff": false, 
        "is_superuser": false, 
        "username": "user15", 
        "email": "", 
        "groups": [], 
        "date_joined": "2013-09-12T19:06:38.112Z", 
        "password": "", 
        "is_active": true, 
        "last_name": "", 
        "user_permissions": []
    }, 
    "model": "auth.user", 
    "pk": 16
},
{
    "fields": {
        "first_name": "", 
        "last_login": "2013-09-12T19:06:38.359Z", 
        "is_staff": false, 
        "is_superuser": false, 
        "username": "user16", 
        "email": "", 
        "groups": [], 
        "date_joined": "2013-09-12T19:06:38.359Z", 
        "password": "", 
        "is_active": true, 
        "last_name": "", 
        "user_permissions": []
    }, 
    "model": "auth.user", 
    "pk": 17
},
{
    "fields": {
        "first_name": "", 
        "last_login": "2013-09-12T19:06:38.592Z", 
        "is_staff": false, 
        "is_superuser": false, 
        "username": "user17", 
        "email": "", 
        "groups": [], 
        "date_joined": "2013-09-12T19:06:38.592Z", 
        "password": "", 
        "is_active": true, 
        "last_name": "", 
        "user_permissions": []
    }, 
    "model": "auth.user", 
    "pk": 18
},
{
    "fields": {
        "first_name": "", 
        "last_login": "2013-09-12T19:06:38.813Z", 
        "is_staff": false, 
        "is_superuser": false, 
        "username": "user18", 
        "email": "", 
        "groups": [], 
        "date_joined": "2013-09-12T19:06:38.813Z", 
        "password": "", 
        "is_active": true, 
        "last_name": "", 
        "user_permissions": []
    }, 
    "model": "auth.user", 
    "pk": 19
},
{
    "fields": {
        "first_name": "", 
        "last_login": "2013-09-12T19:06:39.050Z", 
        "is_staff": false, 
        "is_superuser": false, 
        "username": "user19", 
        "email": "", 
        "groups": [], 
        "date_joined": "2013-09-12T19:06:39.051Z", 
        "password": "", 
        "is_active": true, 
        "last_name": "", 
        "user_permissions": []
    }, 
    "model": "auth.user", 
    "pk": 20
},
{
    "fields": {
        "first_name": "", 
        "last_login": "2013-09-12T19:06:39.293Z", 
        "is_staff": false, 
        "is_superuser": false, 
        "username": "user20", 
        "email": "", 
        "groups": [], 
        "date_joined": "2013-09-12T19:06:39.294Z", 
        "password": "", 
        "is_active": true, 
        "last_name": "", 
        "user_permissions": []
    }, 
    "model": "auth.user", 
    "pk": 21
},
{
    "fields": {
        "first_name": "", 
        "last_login": "2013-09-12T19:06:41.876Z", 
        "is_staff": false, 
        "is_superuser": false, 
        "username": "user21", 
        "email": "", 
        "groups": [], 
        "date_joined": "2013-09-12T19:06:41.876Z", 
        "password": "", 
        "is_active": true, 
        "last_name": "", 
        "user_permissions": []
    }, 
    "model": "auth.user", 
    "pk": 22
},
{
    "fields": {
        "first_name": "", 
        "last_login": "2013-09-12T19:06:42.179Z", 
        "is_staff": false, 
        "is_superuser": false, 
        "username": "user22", 
        "email": "", 
        "groups": [], 
        "date_joined": "2013-09-12T19:06:42.180Z", 
        "password": "", 
        "is_active": true, 
        "last_name": "", 
        "user_permissions": []
    }, 
    "model": "auth.user", 
    "pk": 23
},
{
    "fields": {
        "first_name": "", 
        "last_login": "2013-09-12T19:06:42.415Z", 
        "is_staff": false, 
        "is_superuser": false, 
        "username": "user23", 
        "email": "", 
        "groups": [], 
        "date_joined": "2013-09-12T19:06:42.415Z", 
        "password": "", 
        "is_active": true, 
        "last_name": "", 
        "user_permissions": []
    }, 
    "model": "auth.user", 
    "pk": 24
},
{
    "fields": {
        "first_name": "", 
        "last_login": "2013-09-12T19:06:42.627Z", 
        "is_staff": false, 
        "is_superuser": false, 
        "username": "user24", 
        "email": "", 
        "groups": [], 
        "date_joined": "2013-09-12T19:06:42.628Z", 
        "password": "", 
        "is_active": true, 
        "last_name": "", 
        "user_permissions": []
    }, 
    "model": "auth.user", 
    "pk": 25
},
{
    "fields": {
        "first_name": "", 
        "last_login": "2013-09-12T19:06:42.825Z", 
        "is_staff": false, 
        "is_superuser": false, 
        "username": "user25", 
        "email": "", 
        "groups": [], 
        "date_joined": "2013-09-12T19:06:42.825Z", 
        "password": "", 
        "is_active": true, 
        "last_name": "", 
        "user_permissions": []
    }, 
    "model": "auth.user", 
    "pk": 26
},
{
    "fields": {
        "first_name": "", 
        "last_login": "2013-09-12T19:06:43.133Z", 
        "is_staff": false, 
        "is_superuser": false, 
        "username": "user26", 
        "email": "", 
        "groups": [], 
        "date_joined": "2013-09-12T19:06:43.133Z", 
        "password": "", 
        "is_active": true, 
        "last_name": "", 
        "user_permissions": []
    }, 
    "model": "auth.user", 
    "pk": 27
},
{
    "fields": {
        "first_name": "", 
        "last_login": "2013-09-12T19:06:43.380Z", 
        "is_staff": false, 
        "is_superuser": false, 
        "username": "user27", 
        "email": "", 
        "groups": [], 
        "date_joined": "2013-09-12T19:06:43.380Z", 
        "password": "", 
        "is_active": true, 
        "last_name": "", 
        "user_permissions": []
    }, 
    "model": "auth.user", 
    "pk": 28
},
{
    "fields": {
        "first_name": "", 
        "last_login": "2013-09-12T19:06:43.617Z", 
        "is_staff": false, 
        "is_superuser": false, 
        "username": "user28", 
        "email": "", 
        "groups": [], 
        "date_joined": "2013-09-12T19:06:43.617Z", 
        "password": "", 
        "is_active": true, 
        "last_name": "", 
        "user_permissions": []
    }, 
    "model": "auth.user", 
    "pk": 29
},
{
    "fields": {
        "first_name": "", 
        "last_login": "2013-09-12T19:06:43.847Z", 
        "is_staff": false, 
        "is_superuser": false, 
        "username": "user29", 
        "email": "", 
        "groups": [], 
        "date_joined": "2013-09-12T19:06:43.848Z", 
        "password": "", 
        "is_active": true, 
        "last_name": "", 
        "user_permissions": []
    }, 
    "model": "auth.user", 
    "pk": 30
},
{
    "fields": {
        "first_name": "", 
        "last_login": "2013-09-12T19:06:44.180Z", 
        "is_staff": false, 
        "is_superuser": false, 
        "username": "user30", 
        "email": "", 
        "groups": [], 
        "date_joined": "2013-09-12T19:06:44.181Z", 
        "password": "", 
        "is_active": true, 
        "last_name": "", 
        "user_permissions": []
    }, 
    "model": "auth.user", 
    "pk": 31
},
{
    "fields": {
        "first_name": "", 
        "last_login": "2013-09-12T19:06:44.382Z", 
        "is_staff": false, 
        "is_superuser": false, 
        "username": "user31", 
        "email": "", 
        "groups": [], 
        "date_joined": "2013-09-12T19:06:44.383Z", 
        "password": "", 
        "is_active": true, 
        "last_name": "", 
        "user_permissions": []
    }, 
    "model": "auth.user", 
    "pk": 32
},
{
    "fields": {
        "first_name": "", 
        "last_login": "2013-09-12T19:06:44.580Z", 
        "is_staff": false, 
        "is_superuser": false, 
        "username": "user32", 
        "email": "", 
        "groups": [], 
        "date_joined": "2013-09-12T19:06:44.581Z", 
        "password": "", 
        "is_active": true, 
        "last_name": "", 
        "user_permissions": []
    }, 
    "model": "auth.user", 
    "pk": 33
},
{
    "fields": {
        "first_name": "", 
        "last_login": "2013-09-12T19:06:45.932Z", 
        "is_staff": false, 
        "is_superuser": false, 
        "username": "user33", 
        "email": "", 
        "groups": [], 
        "date_joined": "2013-09-12T19:06:45.932Z", 
        "password": "", 
        "is_active": true, 
        "last_name": "", 
        "user_permissions": []
    }, 
    "model": "auth.user", 
    "pk": 34
},
{
    "fields": {
        "first_name": "", 
        "last_login": "2013-09-12T19:06:46.169Z", 
        "is_staff": false, 
        "is_superuser": false, 
        "username": "user34", 
        "email": "", 
        "groups": [], 
        "date_joined": "2013-09-12T19:06:46.169Z", 
        "password": "", 
        "is_active": true, 
        "last_name": "", 
        "user_permissions": []
    }, 
    "model": "auth.user", 
    "pk": 35
},
{
    "fields": {
        "first_name": "", 
        "last_login": "2013-09-12T19:06:46.371Z", 
        "is_staff": false, 
        "is_superuser": false, 
        "username": "user35", 
        "email": "", 
        "groups": [], 
        "date_joined": "2013-09-12T19:06:46.371Z", 
        "password": "", 
        "is_active": true, 
        "last_name": "", 
        "user_permissions": []
    }, 
    "model": "auth.user", 
    "pk": 36
},
{
    "fields": {
        "first_name": "", 
        "last_login": "2013-09-12T19:06:46.604Z", 
        "is_staff": false, 
        "is_superuser": false, 
        "username": "user36", 
        "email": "", 
        "groups": [], 
        "date_joined": "2013-09-12T19:06:46.605Z", 
        "password": "", 
        "is_active": true, 
        "last_name": "", 
        "user_permissions": []
    }, 
    "model": "auth.user", 
    "pk": 37
},
{
    "fields": {
        "first_name": "", 
        "last_login": "2013-09-12T19:06:46.836Z", 
        "is_staff": false, 
        "is_superuser": false, 
        "username": "user37", 
        "email": "", 
        "groups": [], 
        "date_joined": "2013-09-12T19:06:46.836Z", 
        "password": "", 
        "is_active": true, 
        "last_name": "", 
        "user_permissions": []
    }, 
    "model": "auth.user", 
    "pk": 38
},
{
    "fields": {
        "first_name": "", 
        "last_login": "2013-09-12T19:06:47.134Z", 
        "is_staff": false, 
        "is_superuser": false, 
        "username": "user38", 
        "email": "", 
        "groups": [], 
        "date_joined": "2013-09-12T19:06:47.134Z", 
        "password": "", 
        "is_active": true, 
        "last_name": "", 
        "user_permissions": []
    }, 
    "model": "auth.user", 
    "pk": 39
},
{
    "fields": {
        "first_name": "", 
        "last_login": "2013-09-12T19:06:47.429Z", 
        "is_staff": false, 
        "is_superuser": false, 
        "username": "user39", 
        "email": "", 
        "groups": [], 
        "date_joined": "2013-09-12T19:06:47.429Z", 
        "password": "", 
        "is_active": true, 
        "last_name": "", 
        "user_permissions": []
    }, 
    "model": "auth.user", 
    "pk": 40
},
{
    "fields": {
        "first_name": "", 
        "last_login": "2013-09-12T19:06:47.637Z", 
        "is_staff": false, 
        "is_superuser": false, 
        "username": "user40", 
        "email": "", 
        "groups": [], 
        "date_joined": "2013-09-12T19:06:47.637Z", 
        "password": "", 
        "is_active": true, 
        "last_name": "", 
        "user_permissions": []
    }, 
    "model": "auth.user", 
    "pk": 41
},
{
    "fields": {
        "first_name": "", 
        "last_login": "2013-09-12T19:06:47.837Z", 
        "is_staff": false, 
        "is_superuser": false, 
        "username": "user41", 
        "email": "", 
        "groups": [], 
        "date_joined": "2013-09-12T19:06:47.837Z", 
        "password": "", 
        "is_active": true, 
        "last_name": "", 
        "user_permissions": []
    }, 
    "model": "auth.user", 
    "pk": 42
},
{
    "fields": {
        "first_name": "", 
        "last_login": "2013-09-12T19:06:48.112Z", 
        "is_staff": false, 
        "is_superuser": false, 
        "username": "user42", 
        "email": "", 
        "groups": [], 
        "date_joined": "2013-09-12T19:06:48.112Z", 
        "password": "", 
        "is_active": true, 
        "last_name": "", 
        "user_permissions": []
    }, 
    "model": "auth.user", 
    "pk": 43
},
{
    "fields": {
        "first_name": "", 
        "last_login": "2013-09-12T19:06:48.360Z", 
        "is_staff": false, 
        "is_superuser": false, 
        "username": "user43", 
        "email": "", 
        "groups": [], 
        "date_joined": "2013-09-12T19:06:48.360Z", 
        "password": "", 
        "is_active": true, 
        "last_name": "", 
        "user_permissions": []
    }, 
    "model": "auth.user", 
    "pk": 44
},
{
    "fields": {
        "first_name": "", 
        "last_login": "2013-09-12T19:06:48.592Z", 
        "is_staff": false, 
        "is_superuser": false, 
        "username": "user44", 
        "email": "", 
        "groups": [], 
        "date_joined": "2013-09-12T19:06:48.592Z", 
        "password": "", 
        "is_active": true, 
        "last_name": "", 
        "user_permissions": []
    }, 
    "model": "auth.user", 
    "pk": 45
},
{
    "fields": {
        "first_name": "", 
        "last_login": "2013-09-12T19:06:48.826Z", 
        "is_staff": false, 
        "is_superuser": false, 
        "username": "user45", 
        "email": "", 
        "groups": [], 
        "date_joined": "2013-09-12T19:06:48.826Z", 
        "password": "", 
        "is_active": true, 
        "last_name": "", 
        "user_permissions": []
    }, 
    "model": "auth.user", 
    "pk": 46
},
{
    "fields": {
        "first_name": "", 
        "last_login": "2013-09-12T19:06:49.144Z", 
        "is_staff": false, 
        "is_superuser": false, 
        "username": "user46", 
        "email": "", 
        "groups": [], 
        "date_joined": "2013-09-12T19:06:49.144Z", 
        "password": "", 
        "is_active": true, 
        "last_name": "", 
        "user_permissions": []
    }, 
    "model": "auth.user", 
    "pk": 47
},
{
    "fields": {
        "first_name": "", 
        "last_login": "2013-09-12T19:06:49.382Z", 
        "is_staff": false, 
        "is_superuser": false, 
        "username": "user47", 
        "email": "", 
        "groups": [], 
        "date_joined": "2013-09-12T19:06:49.382Z", 
        "password": "", 
        "is_active": true, 
        "last_name": "", 
        "user_permissions": []
    }, 
    "model": "auth.user", 
    "pk": 48
},
{
    "fields": {
        "first_name": "", 
        "last_login": "2013-09-12T19:06:51.478Z", 
        "is_staff": false, 
        "is_superuser": false, 
        "username": "user48", 
        "email": "", 
        "groups": [], 
        "date_joined": "2013-09-12T19:06:51.478Z", 
        "password": "", 
        "is_active": true, 
        "last_name": "", 
        "user_permissions": []
    }, 
    "model": "auth.user", 
    "pk": 49
},
{
    "fields": {
        "first_name": "", 
        "last_login": "2013-09-12T19:06:51.716Z", 
        "is_staff": false, 
        "is_superuser": false, 
        "username": "user49", 
        "email": "", 
        "groups": [], 
        "date_joined": "2013-09-12T19:06:51.717Z", 
        "password": "", 
        "is_active": true, 
        "last_name": "", 
        "user_permissions": []
    }, 
    "model": "auth.user", 
    "pk": 50
},
{
    "fields": {
        "first_name": "", 
        "last_login": "2013-09-12T19:06:51.918Z", 
        "is_staff": false, 
        "is_superuser": false, 
        "username": "user50", 
        "email": "", 
        "groups": [], 
        "date_joined": "2013-09-12T19:06:51.918Z", 
        "password": "", 
        "is_active": true, 
        "last_name": "", 
        "user_permissions": []
    }, 
    "model": "auth.user", 
    "pk": 51
},
{
    "fields": {
        "first_name": "", 
        "last_login": "2013-09-12T19:06:52.195Z", 
        "is_staff": false, 
        "is_superuser": false, 
        "username": "user51", 
        "email": "", 
        "groups": [], 
        "date_joined": "2013-09-12T19:06:52.195Z", 
        "password": "", 
        "is_active": true, 
        "last_name": "", 
        "user_permissions": []
    }, 
    "model": "auth.user", 
    "pk": 52
},
{
    "fields": {
        "first_name": "", 
        "last_login": "2013-09-12T19:06:52.461Z", 
        "is_staff": false, 
        "is_superuser": false, 
        "username": "user52", 
        "email": "", 
        "groups": [], 
        "date_joined": "2013-09-12T19:06:52.461Z", 
        "password": "", 
        "is_active": true, 
        "last_name": "", 
        "user_permissions": []
    }, 
    "model": "auth.user", 
    "pk": 53
},
{
    "fields": {
        "first_name": "", 
        "last_login": "2013-09-12T19:06:52.693Z", 
        "is_staff": false, 
        "is_superuser": false, 
        "username": "user53", 
        "email": "", 
        "groups": [], 
        "date_joined": "2013-09-12T19:06:52.693Z", 
        "password": "", 
        "is_active": true, 
        "last_name": "", 
        "user_permissions": []
    }, 
    "model": "auth.user", 
    "pk": 54
},
{
    "fields": {
        "first_name": "", 
        "last_login": "2013-09-12T19:06:52.929Z", 
        "is_staff": false, 
        "is_superuser": false, 
        "username": "user54", 
        "email": "", 
        "groups": [], 
        "date_joined": "2013-09-12T19:06:52.930Z", 
        "password": "", 
        "is_active": true, 
        "last_name": "", 
        "user_permissions": []
    }, 
    "model": "auth.user", 
    "pk": 55
},
{
    "fields": {
        "first_name": "", 
        "last_login": "2013-09-12T19:06:54.096Z", 
        "is_staff": false, 
        "is_superuser": false, 
        "username": "user55", 
        "email": "", 
        "groups": [], 
        "date_joined": "2013-09-12T19:06:54.096Z", 
        "password": "", 
        "is_active": true, 
        "last_name": "", 
        "user_permissions": []
    }, 
    "model": "auth.user", 
    "pk": 56
},
{
    "fields": {
        "first_name": "", 
        "last_login": "2013-09-12T19:06:54.341Z", 
        "is_staff": false, 
        "is_superuser": false, 
        "username": "user56", 
        "email": "", 
        "groups": [], 
        "date_joined": "2013-09-12T19:06:54.341Z", 
        "password": "", 
        "is_active": true, 
        "last_name": "", 
        "user_permissions": []
    }, 
    "model": "auth.user", 
    "pk": 57
},
{
    "fields": {
        "first_name": "", 
        "last_login": "2013-09-12T19:06:54.572Z", 
        "is_staff": false, 
        "is_superuser": false, 
        "username": "user57", 
        "email": "", 
        "groups": [], 
        "date_joined": "2013-09-12T19:06:54.572Z", 
        "password": "", 
        "is_active": true, 
        "last_name": "", 
        "user_permissions": []
    }, 
    "model": "auth.user", 
    "pk": 58
},
{
    "fields": {
        "first_name": "", 
        "last_login": "2013-09-12T19:06:54.771Z", 
        "is_staff": false, 
        "is_superuser": false, 
        "username": "user58", 
        "email": "", 
        "groups": [], 
        "date_joined": "2013-09-12T19:06:54.772Z", 
        "password": "", 
        "is_active": true, 
        "last_name": "", 
        "user_permissions": []
    }, 
    "model": "auth.user", 
    "pk": 59
},
{
    "fields": {
        "first_name": "", 
        "last_login": "2013-09-12T19:06:54.971Z", 
        "is_staff": false, 
        "is_superuser": false, 
        "username": "user59", 
        "email": "", 
        "groups": [], 
        "date_joined": "2013-09-12T19:06:54.972Z", 
        "password": "", 
        "is_active": true, 
        "last_name": "", 
        "user_permissions": []
    }, 
    "model": "auth.user", 
    "pk": 60
},
{
    "fields": {
        "first_name": "", 
        "last_login": "2013-09-12T19:06:55.272Z", 
        "is_staff": false, 
        "is_superuser": false, 
        "username": "user60", 
        "email": "", 
        "groups": [], 
        "date_joined": "2013-09-12T19:06:55.272Z", 
        "password": "", 
        "is_active": true, 
        "last_name": "", 
        "user_permissions": []
    }, 
    "model": "auth.user", 
    "pk": 61
},
{
    "fields": {
        "first_name": "", 
        "last_login": "2013-09-12T19:06:55.506Z", 
        "is_staff": false, 
        "is_superuser": false, 
        "username": "user61", 
        "email": "", 
        "groups": [], 
        "date_joined": "2013-09-12T19:06:55.506Z", 
        "password": "", 
        "is_active": true, 
        "last_name": "", 
        "user_permissions": []
    }, 
    "model": "auth.user", 
    "pk": 62
},
{
    "fields": {
        "first_name": "", 
        "last_login": "2013-09-12T19:06:55.749Z", 
        "is_staff": false, 
        "is_superuser": false, 
        "username": "user62", 
        "email": "", 
        "groups": [], 
        "date_joined": "2013-09-12T19:06:55.749Z", 
        "password": "", 
        "is_active": true, 
        "last_name": "", 
        "user_permissions": []
    }, 
    "model": "auth.user", 
    "pk": 63
},
{
    "fields": {
        "first_name": "", 
        "last_login": "2013-09-12T19:06:56.006Z", 
        "is_staff": false, 
        "is_superuser": false, 
        "username": "user63", 
        "email": "", 
        "groups": [], 
        "date_joined": "2013-09-12T19:06:56.006Z", 
        "password": "", 
        "is_active": true, 
        "last_name": "", 
        "user_permissions": []
    }, 
    "model": "auth.user", 
    "pk": 64
},
{
    "fields": {
        "first_name": "", 
        "last_login": "2013-09-12T19:06:56.259Z", 
        "is_staff": false, 
        "is_superuser": false, 
        "username": "user64", 
        "email": "", 
        "groups": [], 
        "date_joined": "2013-09-12T19:06:56.260Z", 
        "password": "", 
        "is_active": true, 
        "last_name": "", 
        "user_permissions": []
    }, 
    "model": "auth.user", 
    "pk": 65
},
{
    "fields": {
        "first_name": "", 
        "last_login": "2013-09-12T19:06:56.517Z", 
        "is_staff": false, 
        "is_superuser": false, 
        "username": "user65", 
        "email": "", 
        "groups": [], 
        "date_joined": "2013-09-12T19:06:56.517Z", 
        "password": "", 
        "is_active": true, 
        "last_name": "", 
        "user_permissions": []
    }, 
    "model": "auth.user", 
    "pk": 66
},
{
    "fields": {
        "first_name": "", 
        "last_login": "2013-09-12T19:06:56.752Z", 
        "is_staff": false, 
        "is_superuser": false, 
        "username": "user66", 
        "email": "", 
        "groups": [], 
        "date_joined": "2013-09-12T19:06:56.752Z", 
        "password": "", 
        "is_active": true, 
        "last_name": "", 
        "user_permissions": []
    }, 
    "model": "auth.user", 
    "pk": 67
},
{
    "fields": {
        "first_name": "", 
        "last_login": "2013-09-12T19:06:56.985Z", 
        "is_staff": false, 
        "is_superuser": false, 
        "username": "user67", 
        "email": "", 
        "groups": [], 
        "date_joined": "2013-09-12T19:06:56.985Z", 
        "password": "", 
        "is_active": true, 
        "last_name": "", 
        "user_permissions": []
    }, 
    "model": "auth.user", 
    "pk": 68
},
{
    "fields": {
        "first_name": "", 
        "last_login": "2013-09-12T19:06:57.295Z", 
        "is_staff": false, 
        "is_superuser": false, 
        "username": "user68", 
        "email": "", 
        "groups": [], 
        "date_joined": "2013-09-12T19:06:57.296Z", 
        "password": "", 
        "is_active": true, 
        "last_name": "", 
        "user_permissions": []
    }, 
    "model": "auth.user", 
    "pk": 69
},
{
    "fields": {
        "first_name": "", 
        "last_login": "2013-09-12T19:06:57.528Z", 
        "is_staff": false, 
        "is_superuser": false, 
        "username": "user69", 
        "email": "", 
        "groups": [], 
        "date_joined": "2013-09-12T19:06:57.528Z", 
        "password": "", 
        "is_active": true, 
        "last_name": "", 
        "user_permissions": []
    }, 
    "model": "auth.user", 
    "pk": 70
},
{
    "fields": {
        "first_name": "", 
        "last_login": "2013-09-12T19:06:57.739Z", 
        "is_staff": false, 
        "is_superuser": false, 
        "username": "user70", 
        "email": "", 
        "groups": [], 
        "date_joined": "2013-09-12T19:06:57.740Z", 
        "password": "", 
        "is_active": true, 
        "last_name": "", 
        "user_permissions": []
    }, 
    "model": "auth.user", 
    "pk": 71
},
{
    "fields": {
        "first_name": "", 
        "last_login": "2013-09-12T19:06:57.974Z", 
        "is_staff": false, 
        "is_superuser": false, 
        "username": "user71", 
        "email": "", 
        "groups": [], 
        "date_joined": "2013-09-12T19:06:57.974Z", 
        "password": "", 
        "is_active": true, 
        "last_name": "", 
        "user_permissions": []
    }, 
    "model": "auth.user", 
    "pk": 72
},
{
    "fields": {
        "first_name": "", 
        "last_login": "2013-09-12T19:06:58.285Z", 
        "is_staff": false, 
        "is_superuser": false, 
        "username": "user72", 
        "email": "", 
        "groups": [], 
        "date_joined": "2013-09-12T19:06:58.285Z", 
        "password": "", 
        "is_active": true, 
        "last_name": "", 
        "user_permissions": []
    }, 
    "model": "auth.user", 
    "pk": 73
},
{
    "fields": {
        "first_name": "", 
        "last_login": "2013-09-12T19:06:58.517Z", 
        "is_staff": false, 
        "is_superuser": false, 
        "username": "user73", 
        "email": "", 
        "groups": [], 
        "date_joined": "2013-09-12T19:06:58.518Z", 
        "password": "", 
        "is_active": true, 
        "last_name": "", 
        "user_permissions": []
    }, 
    "model": "auth.user", 
    "pk": 74
},
{
    "fields": {
        "first_name": "", 
        "last_login": "2013-09-12T19:06:58.749Z", 
        "is_staff": false, 
        "is_superuser": false, 
        "username": "user74", 
        "email": "", 
        "groups": [], 
        "date_joined": "2013-09-12T19:06:58.749Z", 
        "password": "", 
        "is_active": true, 
        "last_name": "", 
        "user_permissions": []
    }, 
    "model": "auth.user", 
    "pk": 75
},
{
    "fields": {
        "first_name": "", 
        "last_login": "2013-09-12T19:06:58.962Z", 
        "is_staff": false, 
        "is_superuser": false, 
        "username": "user75", 
        "email": "", 
        "groups": [], 
        "date_joined": "2013-09-12T19:06:58.962Z", 
        "password": "", 
        "is_active": true, 
        "last_name": "", 
        "user_permissions": []
    }, 
    "model": "auth.user", 
    "pk": 76
},
{
    "fields": {
        "first_name": "", 
        "last_login": "2013-09-12T19:06:59.194Z", 
        "is_staff": false, 
        "is_superuser": false, 
        "username": "user76", 
        "email": "", 
        "groups": [], 
        "date_joined": "2013-09-12T19:06:59.194Z", 
        "password": "", 
        "is_active": true, 
        "last_name": "", 
        "user_permissions": []
    }, 
    "model": "auth.user", 
    "pk": 77
},
{
    "fields": {
        "first_name": "", 
        "last_login": "2013-09-12T19:06:59.430Z", 
        "is_staff": false, 
        "is_superuser": false, 
        "username": "user77", 
        "email": "", 
        "groups": [], 
        "date_joined": "2013-09-12T19:06:59.431Z", 
        "password": "", 
        "is_active": true, 
        "last_name": "", 
        "user_permissions": []
    }, 
    "model": "auth.user", 
    "pk": 78
},
{
    "fields": {
        "first_name": "", 
        "last_login": "2013-09-12T19:06:59.696Z", 
        "is_staff": false, 
        "is_superuser": false, 
        "username": "user78", 
        "email": "", 
        "groups": [], 
        "date_joined": "2013-09-12T19:06:59.696Z", 
        "password": "", 
        "is_active": true, 
        "last_name": "", 
        "user_permissions": []
    }, 
    "model": "auth.user", 
    "pk": 79
},
{
    "fields": {
        "first_name": "", 
        "last_login": "2013-09-12T19:06:59.929Z", 
        "is_staff": false, 
        "is_superuser": false, 
        "username": "user79", 
        "email": "", 
        "groups": [], 
        "date_joined": "2013-09-12T19:06:59.930Z", 
        "password": "", 
        "is_active": true, 
        "last_name": "", 
        "user_permissions": []
    }, 
    "model": "auth.user", 
    "pk": 80
},
{
    "fields": {
        "github_name": ""
    }, 
    "model": "gitrepos.gituser", 
    "pk": 1
},
{
    "fields": {
        "github_name": ""
    }, 
    "model": "gitrepos.gituser", 
    "pk": 2
},
{
    "fields": {
        "github_name": ""
    }, 
    "model": "gitrepos.gituser", 
    "pk": 3
},
{
    "fields": {
        "github_name": ""
    }, 
    "model": "gitrepos.gituser", 
    "pk": 4
},
{
    "fields": {
        "github_name": ""
    }, 
    "model": "gitrepos.gituser", 
    "pk": 5
},
{
    "fields": {
        "github_name": ""
    }, 
    "model": "gitrepos.gituser", 
    "pk": 6
},
{
    "fields": {
        "github_name": ""
    }, 
    "model": "gitrepos.gituser", 
    "pk": 7
},
{
    "fields": {
        "github_name": ""
    }, 
    "model": "gitrepos.gituser", 
    "pk": 8
},
{
    "fields": {
        "github_name": ""
    }, 
    "model": "gitrepos.gituser", 
    "pk": 9
},
{
    "fields": {
        "github_name": ""
    }, 
    "model": "gitrepos.gituser", 
    "pk": 10
},
{
    "fields": {
        "github_name": ""
    }, 
    "model": "gitrepos.gituser", 
    "pk": 11
},
{
    "fields": {
        "github_name": ""
    }, 
    "model": "gitrepos.gituser", 
    "pk": 12
},
{
    "fields": {
        "github_name": ""
    }, 
    "model": "gitrepos.gituser", 
    "pk": 13
},
{
    "fields": {
        "github_name": ""
    }, 
    "model": "gitrepos.gituser", 
    "pk": 14
},
{
    "fields": {
        "github_name": ""
    }, 
    "model": "gitrepos.gituser", 
    "pk": 15
},
{
    "fields": {
        "github_name": ""
    }, 
    "model": "gitrepos.gituser", 
    "pk": 16
},
{
    "fields": {
        "github_name": ""
    }, 
    "model": "gitrepos.gituser", 
    "pk": 17
},
{
    "fields": {
        "github_name": ""
    }, 
    "model": "gitrepos.gituser", 
    "pk": 18
},
{
    "fields": {
        "github_name": ""
    }, 
    "model": "gitrepos.gituser", 
    "pk": 19
},
{
    "fields": {
        "github_name": ""
    }, 
    "model": "gitrepos.gituser", 
    "pk": 20
},
{
    "fields": {
        "github_name": ""
    }, 
    "model": "gitrepos.gituser", 
    "pk": 21
},
{
    "fields": {
        "github_name": ""
    }, 
    "model": "gitrepos.gituser", 
    "pk": 22
},
{
    "fields": {
        "github_name": ""
    }, 
    "model": "gitrepos.gituser", 
    "pk": 23
},
{
    "fields": {
        "github_name": ""
    }, 
    "model": "gitrepos.gituser", 
    "pk": 24
},
{
    "fields": {
        "github_name": ""
    }, 
    "model": "gitrepos.gituser", 
    "pk": 25
},
{
    "fields": {
        "github_name": ""
    }, 
    "model": "gitrepos.gituser", 
    "pk": 26
},
{
    "fields": {
        "github_name": ""
    }, 
    "model": "gitrepos.gituser", 
    "pk": 27
},
{
    "fields": {
        "github_name": ""
    }, 
    "model": "gitrepos.gituser", 
    "pk": 28
},
{
    "fields": {
        "github_name": ""
    }, 
    "model": "gitrepos.gituser", 
    "pk": 29
},
{
    "fields": {
        "github_name": ""
    }, 
    "model": "gitrepos.gituser", 
    "pk": 30
},
{
    "fields": {
        "github_name": ""
    }, 
    "model": "gitrepos.gituser", 
    "pk": 31
},
{
    "fields": {
        "github_name": ""
    }, 
    "model": "gitrepos.gituser", 
    "pk": 32
},
{
    "fields": {
        "github_name": ""
    }, 
    "model": "gitrepos.gituser", 
    "pk": 33
},
{
    "fields": {
        "github_name": ""
    }, 
    "model": "gitrepos.gituser", 
    "pk": 34
},
{
    "fields": {
        "github_name": ""
    }, 
    "model": "gitrepos.gituser", 
    "pk": 35
},
{
    "fields": {
        "github_name": ""
    }, 
    "model": "gitrepos.gituser", 
    "pk": 36
},
{
    "fields": {
        "github_name": ""
    }, 
    "model": "gitrepos.gituser", 
    "pk": 37
},
{
    "fields": {
        "github_name": ""
    }, 
    "model": "gitrepos.gituser", 
    "pk": 38
},
{
    "fields": {
        "github_name": ""
    }, 
    "model": "gitrepos.gituser", 
    "pk": 39
},
{
    "fields": {
        "github_name": ""
    }, 
    "model": "gitrepos.gituser", 
    "pk": 40
},
{
    "fields": {
        "github_name": ""
    }, 
    "model": "gitrepos.gituser", 
    "pk": 41
},
{
    "fields": {
        "github_name": ""
    }, 
    "model": "gitrepos.gituser", 
    "pk": 42
},
{
    "fields": {
        "github_name": ""
    }, 
    "model": "gitrepos.gituser", 
    "pk": 43
},
{
    "fields": {
        "github_name": ""
    }, 
    "model": "gitrepos.gituser", 
    "pk": 44
},
{
    "fields": {
        "github_name": ""
    }, 
    "model": "gitrepos.gituser", 
    "pk": 45
},
{
    "fields": {
        "github_name": ""
    }, 
    "model": "gitrepos.gituser", 
    "pk": 46
},
{
    "fields": {
        "github_name": ""
    }, 
    "model": "gitrepos.gituser", 
    "pk": 47
},
{
    "fields": {
        "github_name": ""
    }, 
    "model": "gitrepos.gituser", 
    "pk": 48
},
{
    "fields": {
        "github_name": ""
    }, 
    "model": "gitrepos.gituser", 
    "pk": 49
},
{
    "fields": {
        "github_name": ""
    }, 
    "model": "gitrepos.gituser", 
    "pk": 50
},
{
    "fields": {
        "github_name": ""
    }, 
    "model": "gitrepos.gituser", 
    "pk": 51
},
{
    "fields": {
        "github_name": ""
    }, 
    "model": "gitrepos.gituser", 
    "pk": 52
},
{
    "fields": {
        "github_name": ""
    }, 
    "model": "gitrepos.gituser", 
    "pk": 53
},
{
    "fields": {
        "github_name": ""
    }, 
    "model": "gitrepos.gituser", 
    "pk": 54
},
{
    "fields": {
        "github_name": ""
    }, 
    "model": "gitrepos.gituser", 
    "pk": 55
},
{
    "fields": {
        "github_name": ""
    }, 
    "model": "gitrepos.gituser", 
    "pk": 56
},
{
    "fields": {
        "github_name": ""
    }, 
    "model": "gitrepos.gituser", 
    "pk": 57
},
{
    "fields": {
        "github_name": ""
    }, 
    "model": "gitrepos.gituser", 
    "pk": 58
},
{
    "fields": {
        "github_name": ""
    }, 
    "model": "gitrepos.gituser", 
    "pk": 59
},
{
    "fields": {
        "github_name": ""
    }, 
    "model": "gitrepos.gituser", 
    "pk": 60
},
{
    "fields": {
        "github_name": ""
    }, 
    "model": "gitrepos.gituser", 
    "pk": 61
},
{
    "fields": {
        "github_name": ""
    }, 
    "model": "gitrepos.gituser", 
    "pk": 62
},
{
    "fields": {
        "github_name": ""
    }, 
    "model": "gitrepos.gituser", 
    "pk": 63
},
{
    "fields": {
        "github_name": ""
    }, 
    "model": "gitrepos.gituser", 
    "pk": 64
},
{
    "fields": {
        "github_name": ""
    }, 
    "model": "gitrepos.gituser", 
    "pk": 65
},
{
    "fields": {
        "github_name": ""
    }, 
    "model": "gitrepos.gituser", 
    "pk": 66
},
{
    "fields": {
        "github_name": ""
    }, 
    "model": "gitrepos.gituser", 
    "pk": 67
},
{
    "fields": {
        "github_name": ""
    }, 
    "model": "gitrepos.gituser", 
    "pk": 68
},
{
    "fields": {
        "github_name": ""
    }, 
    "model": "gitrepos.gituser", 
    "pk": 69
},
{
    "fields": {
        "github_name": ""
    }, 
    "model": "gitrepos.gituser", 
    "pk": 70
},
{
    "fields": {
        "github_name": ""
    }, 
    "model": "gitrepos.gituser", 
    "pk": 71
},
{
    "fields": {
        "github_name": ""
    }, 
    "model": "gitrepos.gituser", 
    "pk": 72
},
{
    "fields": {
        "github_name": ""
    }, 
    "model": "gitrepos.gituser", 
    "pk": 73
},
{
    "fields": {
        "github_name": ""
    }, 
    "model": "gitrepos.gituser", 
    "pk": 74
},
{
    "fields": {
        "github_name": ""
    }, 
    "model": "gitrepos.gituser", 
    "pk": 75
},
{
    "fields": {
        "github_name": ""
    }, 
    "model": "gitrepos.gituser", 
    "pk": 76
},
{
    "fields": {
        "github_name": ""
    }, 
    "model": "gitrepos.gituser", 
    "pk": 77
},
{
    "fields": {
        "github_name": ""
    }, 
    "model": "gitrepos.gituser", 
    "pk": 78
},
{
    "fields": {
        "github_name": ""
    }, 
    "model": "gitrepos.gituser", 
    "pk": 79
},
{
    "fields": {
        "github_name": ""
    }, 
    "model": "gitrepos.gituser", 
    "pk": 80
},
{
    "fields": {
        "has_vote": true
    }, 
    "model": "voting.voter", 
    "pk": 1
},
{
    "fields": {
        "has_vote": true
    }, 
    "model": "voting.voter", 
    "pk": 2
},
{
    "fields": {
        "has_vote": true
    }, 
    "model": "voting.voter", 
    "pk": 3
},
{
    "fields": {
        "has_vote": true
    }, 
    "model": "voting.voter", 
    "pk": 4
},
{
    "fields": {
        "has_vote": true
    }, 
    "model": "voting.voter", 
    "pk": 5
},
{
    "fields": {
        "has_vote": true
    }, 
    "model": "voting.voter", 
    "pk": 6
},
{
    "fields": {
        "has_vote": true
    }, 
    "model": "voting.voter", 
    "pk": 7
},
{
    "fields": {
        "has_vote": true
    }, 
    "model": "voting.voter", 
    "pk": 8
},
{
    "fields": {
        "has_vote": true
    }, 
    "model": "voting.voter", 
    "pk": 9
},
{
    "fields": {
        "has_vote": true
    }, 
    "model": "voting.voter", 
    "pk": 10
},
{
    "fields": {
        "has_vote": true
    }, 
    "model": "voting.voter", 
    "pk": 11
},
{
    "fields": {
        "has_vote": true
    }, 
    "model": "voting.voter", 
    "pk": 12
},
{
    "fields": {
        "has_vote": true
    }, 
    "model": "voting.voter", 
    "pk": 13
},
{
    "fields": {
        "has_vote": true
    }, 
    "model": "voting.voter", 
    "pk": 14
},
{
    "fields": {
        "has_vote": true
    }, 
    "model": "voting.voter", 
    "pk": 15
},
{
    "fields": {
        "has_vote": true
    }, 
    "model": "voting.voter", 
    "pk": 16
},
{
    "fields": {
        "has_vote": true
    }, 
    "model": "voting.voter", 
    "pk": 17
},
{
    "fields": {
        "has_vote": true
    }, 
    "model": "voting.voter", 
    "pk": 18
},
{
    "fields": {
        "has_vote": true
    }, 
    "model": "voting.voter", 
    "pk": 19
},
{
    "fields": {
        "has_vote": true
    }, 
    "model": "voting.voter", 
    "pk": 20
},
{
    "fields": {
        "has_vote": true
    }, 
    "model": "voting.voter", 
    "pk": 21
},
{
    "fields": {
        "has_vote": true
    }, 
    "model": "voting.voter", 
    "pk": 22
},
{
    "fields": {
        "has_vote": true
    }, 
    "model": "voting.voter", 
    "pk": 23
},
{
    "fields": {
        "has_vote": true
    }, 
    "model": "voting.voter", 
    "pk": 24
},
{
    "fields": {
        "has_vote": true
    }, 
    "model": "voting.voter", 
    "pk": 25
},
{
    "fields": {
        "has_vote": true
    }, 
    "model": "voting.voter", 
    "pk": 26
},
{
    "fields": {
        "has_vote": true
    }, 
    "model": "voting.voter", 
    "pk": 27
},
{
    "fields": {
        "has_vote": true
    }, 
    "model": "voting.voter", 
    "pk": 28
},
{
    "fields": {
        "has_vote": true
    }, 
    "model": "voting.voter", 
    "pk": 29
},
{
    "fields": {
        "has_vote": true
    }, 
    "model": "voting.voter", 
    "pk": 30
},
{
    "fields": {
        "has_vote": true
    }, 
    "model": "voting.voter", 
    "pk": 31
},
{
    "fields": {
        "has_vote": true
    }, 
    "model": "voting.voter", 
    "pk": 32
},
{
    "fields": {
        "has_vote": true
    }, 
    "model": "voting.voter", 
    "pk": 33
},
{
    "fields": {
        "has_vote": true
    }, 
    "model": "voting.voter", 
    "pk": 34
},
{
    "fields": {
        "has_vote": true
    }, 
    "model": "voting.voter", 
    "pk": 35
},
{
    "fields": {
        "has_vote": true
    }, 
    "model": "voting.voter", 
    "pk": 36
},
{
    "fields": {
        "has_vote": true
    }, 
    "model": "voting.voter", 
    "pk": 37
},
{
    "fields": {
        "has_vote": true
    }, 
    "model": "voting.voter", 
    "pk": 38
},
{
    "fields": {
        "has_vote": true
    }, 
    "model": "voting.voter", 
    "pk": 39
},
{
    "fields": {
        "has_vote": true
    }, 
    "model": "voting.voter", 
    "pk": 40
},
{
    "fields": {
        "has_vote": true
    }, 
    "model": "voting.voter", 
    "pk": 41
},
{
    "fields": {
        "has_vote": true
    }, 
    "model": "voting.voter", 
    "pk": 42
},
{
    "fields": {
        "has_vote": true
    }, 
    "model": "voting.voter", 
    "pk": 43
},
{
    "fields": {
        "has_vote": true
    }, 
    "model": "voting.voter", 
    "pk": 44
},
{
    "fields": {
        "has_vote": true
    }, 
    "model": "voting.voter", 
    "pk": 45
},
{
    "fields": {
        "has_vote": true
    }, 
    "model": "voting.voter", 
    "pk": 46
},
{
    "fields": {
        "has_vote": true
    }, 
    "model": "voting.voter", 
    "pk": 47
},
{
    "fields": {
        "has_vote": true
    }, 
    "model": "voting.voter", 
    "pk": 48
},
{
    "fields": {
        "has_vote": true
    }, 
    "model": "voting.voter", 
    "pk": 49
},
{
    "fields": {
        "has_vote": true
    }, 
    "model": "voting.voter", 
    "pk": 50
},
{
    "fields": {
        "has_vote": true
    }, 
    "model": "voting.voter", 
    "pk": 51
},
{
    "fields": {
        "has_vote": true
    }, 
    "model": "voting.voter", 
    "pk": 52
},
{
    "fields": {
        "has_vote": true
    }, 
    "model": "voting.voter", 
    "pk": 53
},
{
    "fields": {
        "has_vote": true
    }, 
    "model": "voting.voter", 
    "pk": 54
},
{
    "fields": {
        "has_vote": true
    }, 
    "model": "voting.voter", 
    "pk": 55
},
{
    "fields": {
        "has_vote": true
    }, 
    "model": "voting.voter", 
    "pk": 56
},
{
    "fields": {
        "has_vote": true
    }, 
    "model": "voting.voter", 
    "pk": 57
},
{
    "fields": {
        "has_vote": true
    }, 
    "model": "voting.voter", 
    "pk": 58
},
{
    "fields": {
        "has_vote": true
    }, 
    "model": "voting.voter", 
    "pk": 59
},
{
    "fields": {
        "has_vote": true
    }, 
    "model": "voting.voter", 
    "pk": 60
},
{
    "fields": {
        "has_vote": true
    }, 
    "model": "voting.voter", 
    "pk": 61
},
{
    "fields": {
        "has_vote": true
    }, 
    "model": "voting.voter", 
    "pk": 62
},
{
    "fields": {
        "has_vote": true
    }, 
    "model": "voting.voter", 
    "pk": 63
},
{
    "fields": {
        "has_vote": true
    }, 
    "model": "voting.voter", 
    "pk": 64
},
{
    "fields": {
        "has_vote": true
    }, 
    "model": "voting.voter", 
    "pk": 65
},
{
    "fields": {
        "has_vote": true
    }, 
    "model": "voting.voter", 
    "pk": 66
},
{
    "fields": {
        "has_vote": true
    }, 
    "model": "voting.voter", 
    "pk": 67
},
{
    "fields": {
        "has_vote": true
    }, 
    "model": "voting.voter", 
    "pk": 68
},
{
    "fields": {
        "has_vote": true
    }, 
    "model": "voting.voter", 
    "pk": 69
},
{
    "fields": {
        "has_vote": true
    }, 
    "model": "voting.voter", 
    "pk": 70
},
{
    "fields": {
        "has_vote": true
    }, 
    "model": "voting.voter", 
    "pk": 71
},
{
    "fields": {
        "has_vote": true
    }, 
    "model": "voting.voter", 
    "pk": 72
},
{
    "fields": {
        "has_vote": true
    }, 
    "model": "voting.voter", 
    "pk": 73
},
{
    "fields": {
        "has_vote": true
    }, 
    "model": "voting.voter", 
    "pk": 74
},
{
    "fields": {
        "has_vote": true
    }, 
    "model": "voting.voter", 
    "pk": 75
},
{
    "fields": {
        "has_vote": true
    }, 
    "model": "voting.voter", 
    "pk": 76
},
{
    "fields": {
        "has_vote": true
    }, 
    "model": "voting.voter", 
    "pk": 77
},
{
    "fields": {
        "has_vote": true
    }, 
    "model": "voting.voter", 
    "pk": 78
},
{
    "fields": {
        "has_vote": true
    }, 
    "model": "voting.voter", 
    "pk": 79
},
{
    "fields": {
        "has_vote": true
    }, 
    "model": "voting.voter", 
    "pk": 80
}
]
